"","SNP","effect_allele.exposure","other_allele.exposure","eaf.exposure","beta.exposure","se.exposure","pval.exposure","exposure","mr_keep.exposure","pval_origin.exposure","id.exposure","data_source.exposure"
"1","rs2820436","C","A",0.659159,0.015629,0.002646,3.58e-09,"Fasting insulin",TRUE,"reported","DiU28S","textfile"
"2","rs780094","C","T",0.606271,0.019402,0.002491,7.13e-15,"Fasting insulin",TRUE,"reported","DiU28S","textfile"
"3","rs1530559","A","G",0.553506,0.011831,0.002602,5.5e-06,"Fasting insulin",TRUE,"reported","DiU28S","textfile"
"4","rs10195252","C","T",0.412606,-0.012257,0.002503,9.87e-07,"Fasting insulin",TRUE,"reported","DiU28S","textfile"
"5","rs2943645","C","T",0.37627,-0.012569,0.002535,7.22e-07,"Fasting insulin",TRUE,"reported","DiU28S","textfile"
"6","rs17036328","T","C",0.833253,0.013929,0.003653,0.000138,"Fasting insulin",TRUE,"reported","DiU28S","textfile"
"7","rs3822072","G","A",0.524619,-0.007472,0.002408,0.001926,"Fasting insulin",TRUE,"reported","DiU28S","textfile"
"8","rs9884482","T","C",0.605914,-0.014924,0.002475,1.69e-09,"Fasting insulin",TRUE,"reported","DiU28S","textfile"
"10","rs4865796","A","G",0.657003,0.015619,0.002539,7.86e-10,"Fasting insulin",TRUE,"reported","DiU28S","textfile"
"11","rs459193","G","A",0.71215,0.014927,0.002686,2.8e-08,"Fasting insulin",TRUE,"reported","DiU28S","textfile"
"12","rs6912327","C","T",0.216334,-0.014816,0.003255,5.41e-06,"Fasting insulin",TRUE,"reported","DiU28S","textfile"
"13","rs2745353","T","C",0.511044,0.011284,0.002477,5.31e-06,"Fasting insulin",TRUE,"reported","DiU28S","textfile"
"14","rs1167800","A","G",0.541908,0.017221,0.002565,1.96e-11,"Fasting insulin",TRUE,"reported","DiU28S","textfile"
"15","rs983309","G","T",0.8482,-0.028512,0.00368,9.8e-15,"Fasting insulin",TRUE,"reported","DiU28S","textfile"
"16","rs7903146","C","T",0.713199,0.017926,0.00275,7.33e-11,"Fasting insulin",TRUE,"reported","DiU28S","textfile"
"17","rs35767","G","A",0.803768,0.016271,0.003367,1.38e-06,"Fasting insulin",TRUE,"reported","DiU28S","textfile"
"18","rs1421085","T","C",0.578326,-0.018411,0.002529,3.5e-13,"Fasting insulin",TRUE,"reported","DiU28S","textfile"
"19","rs731839","A","G",0.645264,-0.014221,0.002532,1.98e-08,"Fasting insulin",TRUE,"reported","DiU28S","textfile"
