"","beta.exposure","se.exposure","SNP","effect_allele.exposure","other_allele.exposure","eaf.exposure","exposure","mr_keep.exposure","pval.exposure","pval_origin.exposure","id.exposure","data_source.exposure"
"1",0.022,0.0035,"rs17381664","C","T",0.425,"Waist circumference || id:ieu-a-60",TRUE,3.26349665362185e-10,"inferred","y6KSBA","textfile"
"2",0.027,0.0034,"rs7531118","C","T",0.6083,"Waist circumference || id:ieu-a-60",TRUE,2.00272498062683e-15,"inferred","y6KSBA","textfile"
"3",0.044,0.0041,"rs543874","G","A",0.2667,"Waist circumference || id:ieu-a-60",TRUE,7.22487944546909e-27,"inferred","y6KSBA","textfile"
"4",0.021,0.0033,"rs11165623","A","G",0.4833,"Waist circumference || id:ieu-a-60",TRUE,1.97032303253729e-10,"inferred","y6KSBA","textfile"
"5",0.057,0.0096,"rs7550711","T","C",0.0339,"Waist circumference || id:ieu-a-60",TRUE,2.8940104553327e-09,"inferred","y6KSBA","textfile"
"6",-0.022,0.0034,"rs3127553","A","G",0.6333,"Waist circumference || id:ieu-a-60",TRUE,9.76221269645104e-11,"inferred","y6KSBA","textfile"
"7",-0.022,0.0034,"rs6545714","A","G",0.625,"Waist circumference || id:ieu-a-60",TRUE,9.76221269645104e-11,"inferred","y6KSBA","textfile"
"8",-0.051,0.0043,"rs2867110","C","G",0.125,"Waist circumference || id:ieu-a-60",TRUE,1.89917188337738e-32,"inferred","y6KSBA","textfile"
"9",-0.021,0.0035,"rs13404250","T","C",0.3667,"Waist circumference || id:ieu-a-60",TRUE,1.9731752900754e-09,"inferred","y6KSBA","textfile"
"10",0.021,0.0036,"rs11676272","G","A",0.4828,"Waist circumference || id:ieu-a-60",TRUE,5.43308747417622e-09,"inferred","y6KSBA","textfile"
"11",-0.019,0.0033,"rs929641","G","A",0.3833,"Waist circumference || id:ieu-a-60",TRUE,8.53304779969513e-09,"inferred","y6KSBA","textfile"
"12",0.021,0.0033,"rs6440003","A","G",0.4833,"Waist circumference || id:ieu-a-60",TRUE,1.97032303253729e-10,"inferred","y6KSBA","textfile"
"13",0.027,0.0048,"rs7649970","T","C",0.075,"Waist circumference || id:ieu-a-60",TRUE,1.85507974691217e-08,"inferred","y6KSBA","textfile"
"14",-0.021,0.0033,"rs2325036","C","A",0.4083,"Waist circumference || id:ieu-a-60",TRUE,1.97032303253729e-10,"inferred","y6KSBA","textfile"
"15",-0.032,0.0049,"rs4234589","G","A",0.0917,"Waist circumference || id:ieu-a-60",TRUE,6.55013772157104e-11,"inferred","y6KSBA","textfile"
"16",0.032,0.0033,"rs10938397","G","A",0.4333,"Waist circumference || id:ieu-a-60",TRUE,3.10586041158799e-22,"inferred","y6KSBA","textfile"
"17",-0.025,0.0033,"rs2307111","C","T",0.425,"Waist circumference || id:ieu-a-60",TRUE,3.57037970794088e-14,"inferred","y6KSBA","textfile"
"18",0.019,0.0033,"rs6864049","G","A",0.4333,"Waist circumference || id:ieu-a-60",TRUE,8.53304779969513e-09,"inferred","y6KSBA","textfile"
"19",-0.022,0.0036,"rs806794","G","A",0.275,"Waist circumference || id:ieu-a-60",TRUE,9.89398479837097e-10,"inferred","y6KSBA","textfile"
"20",0.039,0.0042,"rs943005","T","C",0.1,"Waist circumference || id:ieu-a-60",TRUE,1.60626133035224e-20,"inferred","y6KSBA","textfile"
"21",0.019,0.0034,"rs2357760","A","G",0.6583,"Waist circumference || id:ieu-a-60",TRUE,2.29388700886866e-08,"inferred","y6KSBA","textfile"
"23",0.023,0.0035,"rs3800229","T","G",0.6917,"Waist circumference || id:ieu-a-60",TRUE,4.98347917909857e-11,"inferred","y6KSBA","textfile"
"24",-0.018,0.0033,"rs1928295","C","T",0.425,"Waist circumference || id:ieu-a-60",TRUE,4.90982750761428e-08,"inferred","y6KSBA","textfile"
"25",0.024,0.0035,"rs1412235","C","G",0.3083,"Waist circumference || id:ieu-a-60",TRUE,7.02513719345833e-12,"inferred","y6KSBA","textfile"
"26",-0.022,0.0036,"rs7903146","T","C",0.25,"Waist circumference || id:ieu-a-60",TRUE,9.89398479837097e-10,"inferred","y6KSBA","textfile"
"27",0.018,0.0033,"rs10786712","T","C",0.3917,"Waist circumference || id:ieu-a-60",TRUE,4.90982750761428e-08,"inferred","y6KSBA","textfile"
"28",-0.022,0.0036,"rs11039290","A","G",0.3417,"Waist circumference || id:ieu-a-60",TRUE,9.89398479837097e-10,"inferred","y6KSBA","textfile"
"29",0.019,0.0034,"rs10840100","G","A",0.725,"Waist circumference || id:ieu-a-60",TRUE,2.29388700886866e-08,"inferred","y6KSBA","textfile"
"30",-0.03,0.0035,"rs1519480","T","C",0.6333,"Waist circumference || id:ieu-a-60",TRUE,1.02209105179234e-17,"inferred","y6KSBA","textfile"
"31",0.028,0.0034,"rs7138803","A","G",0.4417,"Waist circumference || id:ieu-a-60",TRUE,1.79117034720081e-16,"inferred","y6KSBA","textfile"
"32",0.028,0.0046,"rs4883723","A","G",0.125,"Waist circumference || id:ieu-a-60",TRUE,1.15077204205495e-09,"inferred","y6KSBA","textfile"
"33",-0.022,0.0035,"rs10132280","A","C",0.3333,"Waist circumference || id:ieu-a-60",TRUE,3.26349665362185e-10,"inferred","y6KSBA","textfile"
"34",0.032,0.004,"rs7144011","T","G",0.275,"Waist circumference || id:ieu-a-60",TRUE,1.24419211485436e-15,"inferred","y6KSBA","textfile"
"35",-0.024,0.0041,"rs2278076","A","G",0.1833,"Waist circumference || id:ieu-a-60",TRUE,4.80875424674515e-09,"inferred","y6KSBA","textfile"
"36",0.027,0.0045,"rs2531992","G","A",0.8333,"Waist circumference || id:ieu-a-60",TRUE,1.9731752900754e-09,"inferred","y6KSBA","textfile"
"37",0.072,0.0034,"rs1421085","C","T",0.45,"Waist circumference || id:ieu-a-60",TRUE,1.57392301415529e-99,"inferred","y6KSBA","textfile"
"38",0.034,0.0033,"rs4788099","G","A",0.3583,"Waist circumference || id:ieu-a-60",TRUE,6.82759834319264e-25,"inferred","y6KSBA","textfile"
"39",-0.019,0.0034,"rs4985155","G","A",0.3167,"Waist circumference || id:ieu-a-60",TRUE,2.29388700886866e-08,"inferred","y6KSBA","textfile"
"40",-0.02,0.0034,"rs749671","A","G",0.375,"Waist circumference || id:ieu-a-60",TRUE,4.04474671808606e-09,"inferred","y6KSBA","textfile"
"41",0.05,0.0039,"rs6567160","C","T",0.2833,"Waist circumference || id:ieu-a-60",TRUE,1.25865289753254e-37,"inferred","y6KSBA","textfile"
"42",-0.035,0.0055,"rs17066856","C","T",0.1333,"Waist circumference || id:ieu-a-60",TRUE,1.97032303253729e-10,"inferred","y6KSBA","textfile"
"43",-0.019,0.0033,"rs7239883","A","G",0.6833,"Waist circumference || id:ieu-a-60",TRUE,8.53304779969513e-09,"inferred","y6KSBA","textfile"
"44",-0.021,0.0038,"rs17724992","G","A",0.3083,"Waist circumference || id:ieu-a-60",TRUE,3.27025280718594e-08,"inferred","y6KSBA","textfile"
"45",-0.033,0.0044,"rs2287019","T","C",0.15,"Waist circumference || id:ieu-a-60",TRUE,6.38178334582179e-14,"inferred","y6KSBA","textfile"
"46",-0.022,0.0036,"rs16996700","C","T",0.3,"Waist circumference || id:ieu-a-60",TRUE,9.89398479837097e-10,"inferred","y6KSBA","textfile"
