"","SNP","effect_allele.exposure","other_allele.exposure","eaf.exposure","beta.exposure","se.exposure","exposure","mr_keep.exposure","pval.exposure","pval_origin.exposure","id.exposure","data_source.exposure"
"3","rs10101067","G","C",0.9141,-0.0391,0.0069,"exposure",TRUE,1.45602201478282e-08,"inferred","u1pZTY","textfile"
"4","rs10119430","G","A",0.2209,0.0279,0.0046,"exposure",TRUE,1.31775290031149e-09,"inferred","u1pZTY","textfile"
"5","rs10159026","C","T",0.7491,0.0273,0.0046,"exposure",TRUE,2.94235099632561e-09,"inferred","u1pZTY","textfile"
"6","rs10184004","C","T",0.5951,0.0636,0.0041,"exposure",TRUE,2.86900405198803e-54,"inferred","u1pZTY","textfile"
"7","rs10188334","C","T",0.8409,0.0544,0.0053,"exposure",TRUE,1.02216168900704e-24,"inferred","u1pZTY","textfile"
"9","rs10404726","C","T",0.4829,0.0255,0.0042,"exposure",TRUE,1.26777349231472e-09,"inferred","u1pZTY","textfile"
"11","rs10440833","T","A",0.7028,-0.1286,0.0041,"exposure",TRUE,5.91485599998418e-216,"inferred","u1pZTY","textfile"
"12","rs10469860","G","A",0.2755,-0.0238,0.0043,"exposure",TRUE,3.11434896880034e-08,"inferred","u1pZTY","textfile"
"14","rs10750397","G","A",0.7146,-0.04,0.0042,"exposure",TRUE,1.66944340853417e-21,"inferred","u1pZTY","textfile"
"15","rs1075855","G","C",0.2791,0.0263,0.0045,"exposure",TRUE,5.08261625578576e-09,"inferred","u1pZTY","textfile"
"18","rs10767659","G","T",0.3538,0.026,0.0042,"exposure",TRUE,5.99827280576032e-10,"inferred","u1pZTY","textfile"
"21","rs10808671","G","A",0.5407,-0.0358,0.0038,"exposure",TRUE,4.46588150032974e-21,"inferred","u1pZTY","textfile"
"22","rs10811661","C","T",0.2442,-0.1471,0.0048,"exposure",TRUE,3.00305106508876e-206,"inferred","u1pZTY","textfile"
"23","rs10818763","C","T",0.676,0.0358,0.0051,"exposure",TRUE,2.2249182955166e-12,"inferred","u1pZTY","textfile"
"24","rs10830963","G","C",0.3057,0.0731,0.0042,"exposure",TRUE,7.5921006601205e-68,"inferred","u1pZTY","textfile"
"27","rs10879261","G","T",0.388,0.0341,0.0038,"exposure",TRUE,2.86758595329601e-19,"inferred","u1pZTY","textfile"
"29","rs10916780","G","A",0.2476,-0.0342,0.0046,"exposure",TRUE,1.04740071116828e-13,"inferred","u1pZTY","textfile"
"30","rs10937721","G","C",0.3904,-0.0755,0.0043,"exposure",TRUE,5.15368834893993e-69,"inferred","u1pZTY","textfile"
"31","rs10938398","G","A",0.6065,-0.0445,0.0039,"exposure",TRUE,3.71632198630406e-30,"inferred","u1pZTY","textfile"
"32","rs10993072","C","T",0.6647,-0.0315,0.0041,"exposure",TRUE,1.55494412057444e-14,"inferred","u1pZTY","textfile"
"33","rs10998338","G","A",0.5189,-0.0308,0.0039,"exposure",TRUE,2.84699340451892e-15,"inferred","u1pZTY","textfile"
"35","rs11048457","G","A",0.3857,0.0385,0.0043,"exposure",TRUE,3.44422150666144e-19,"inferred","u1pZTY","textfile"
"37","rs1109442","C","T",0.4629,0.0218,0.0037,"exposure",TRUE,3.81798938980502e-09,"inferred","u1pZTY","textfile"
"39","rs11108094","C","A",0.9339,-0.0571,0.0088,"exposure",TRUE,8.66167398633515e-11,"inferred","u1pZTY","textfile"
"41","rs1111875","C","T",0.549,0.0928,0.0038,"exposure",TRUE,1.0220747698317e-131,"inferred","u1pZTY","textfile"
"43","rs11150745","G","A",0.3173,-0.0312,0.0053,"exposure",TRUE,3.93762683932465e-09,"inferred","u1pZTY","textfile"
"46","rs11173646","T","A",0.7362,-0.0285,0.0047,"exposure",TRUE,1.32917822941293e-09,"inferred","u1pZTY","textfile"
"47","rs111765639","G","A",0.876,0.0581,0.0084,"exposure",TRUE,4.62394348129271e-12,"inferred","u1pZTY","textfile"
"49","rs11199116","C","A",0.1909,0.0306,0.005,"exposure",TRUE,9.35753574836327e-10,"inferred","u1pZTY","textfile"
"50","rs11201992","C","A",0.4767,0.0251,0.0038,"exposure",TRUE,3.96811826279088e-11,"inferred","u1pZTY","textfile"
"51","rs112324411","C","T",0.9377,0.0729,0.0103,"exposure",TRUE,1.46598406834978e-12,"inferred","u1pZTY","textfile"
"52","rs11236524","C","T",0.2408,0.0363,0.0064,"exposure",TRUE,1.41243023459505e-08,"inferred","u1pZTY","textfile"
"55","rs11257655","C","T",0.7044,-0.0946,0.0056,"exposure",TRUE,5.07830953787851e-64,"inferred","u1pZTY","textfile"
"56","rs11258422","C","A",0.4091,0.0241,0.0041,"exposure",TRUE,4.15130600099899e-09,"inferred","u1pZTY","textfile"
"57","rs1127215","C","T",0.6041,0.0412,0.0039,"exposure",TRUE,4.37129672575062e-26,"inferred","u1pZTY","textfile"
"59","rs113414093","G","A",0.9459,-0.0724,0.0128,"exposure",TRUE,1.54716063389805e-08,"inferred","u1pZTY","textfile"
"60","rs114136102","C","T",0.0384,0.0631,0.0114,"exposure",TRUE,3.11072629382414e-08,"inferred","u1pZTY","textfile"
"62","rs11583755","C","A",0.3287,0.0369,0.0041,"exposure",TRUE,2.25717681190768e-19,"inferred","u1pZTY","textfile"
"63","rs11602873","T","A",0.1459,-0.0987,0.0059,"exposure",TRUE,8.08324523297354e-63,"inferred","u1pZTY","textfile"
"64","rs11614914","C","T",0.7033,-0.0394,0.0044,"exposure",TRUE,3.41138199650295e-19,"inferred","u1pZTY","textfile"
"65","rs11616380","G","T",0.7299,0.0764,0.0043,"exposure",TRUE,1.26321405350849e-70,"inferred","u1pZTY","textfile"
"66","rs11646052","G","A",0.4116,0.026,0.0039,"exposure",TRUE,2.6167849372106e-11,"inferred","u1pZTY","textfile"
"67","rs11651755","C","T",0.4671,0.0663,0.0038,"exposure",TRUE,3.60461599843087e-68,"inferred","u1pZTY","textfile"
"69","rs11708067","G","A",0.2229,-0.0804,0.005,"exposure",TRUE,3.52378958735547e-58,"inferred","u1pZTY","textfile"
"70","rs117316450","G","C",0.0183,0.1328,0.0171,"exposure",TRUE,8.09512376789023e-15,"inferred","u1pZTY","textfile"
"71","rs11759026","G","A",0.3164,0.0585,0.0057,"exposure",TRUE,1.03273125285505e-24,"inferred","u1pZTY","textfile"
"72","rs117642733","C","T",0.9584,-0.0762,0.0133,"exposure",TRUE,1.00832054952306e-08,"inferred","u1pZTY","textfile"
"76","rs11870735","C","T",0.824,-0.0314,0.0054,"exposure",TRUE,6.07010466671636e-09,"inferred","u1pZTY","textfile"
"81","rs12001437","C","T",0.4071,0.0301,0.0038,"exposure",TRUE,2.35508218636401e-15,"inferred","u1pZTY","textfile"
"83","rs12056338","G","T",0.6086,-0.0251,0.004,"exposure",TRUE,3.49634293322049e-10,"inferred","u1pZTY","textfile"
"91","rs12380322","G","A",0.3922,0.0295,0.004,"exposure",TRUE,1.64345052151688e-13,"inferred","u1pZTY","textfile"
"92","rs12419690","G","A",0.5115,0.0298,0.004,"exposure",TRUE,9.33402317743807e-14,"inferred","u1pZTY","textfile"
"97","rs12505942","C","T",0.3133,-0.0294,0.0042,"exposure",TRUE,2.55962508777167e-12,"inferred","u1pZTY","textfile"
"99","rs1260326","C","T",0.5805,0.0625,0.0039,"exposure",TRUE,8.46138042369639e-58,"inferred","u1pZTY","textfile"
"100","rs12603589","C","T",0.3128,0.0421,0.0046,"exposure",TRUE,5.57991648629262e-20,"inferred","u1pZTY","textfile"
"101","rs12625671","C","T",0.2326,0.0603,0.0055,"exposure",TRUE,5.71556427470904e-28,"inferred","u1pZTY","textfile"
"105","rs12746673","C","A",0.2076,0.0308,0.0049,"exposure",TRUE,3.26349665362183e-10,"inferred","u1pZTY","textfile"
"106","rs12789028","G","A",0.8198,-0.0459,0.005,"exposure",TRUE,4.31091429675688e-20,"inferred","u1pZTY","textfile"
"109","rs12883788","C","T",0.5887,-0.0327,0.004,"exposure",TRUE,2.95865875055249e-16,"inferred","u1pZTY","textfile"
"111","rs12910361","G","A",0.614,0.0686,0.004,"exposure",TRUE,6.28524669840346e-66,"inferred","u1pZTY","textfile"
"112","rs12918782","G","A",0.2568,0.0308,0.0047,"exposure",TRUE,5.63202200677397e-11,"inferred","u1pZTY","textfile"
"114","rs12986742","C","T",0.4727,0.0353,0.0038,"exposure",TRUE,1.5505313265646e-20,"inferred","u1pZTY","textfile"
"116","rs13059382","G","T",0.7216,0.0356,0.0059,"exposure",TRUE,1.60050808962932e-09,"inferred","u1pZTY","textfile"
"117","rs13094957","C","T",0.2196,-0.0637,0.0047,"exposure",TRUE,7.58588222468913e-42,"inferred","u1pZTY","textfile"
"118","rs13099581","C","T",0.8192,0.0371,0.0058,"exposure",TRUE,1.58925013934522e-10,"inferred","u1pZTY","textfile"
"120","rs13237518","C","A",0.5207,-0.0283,0.0038,"exposure",TRUE,9.52204376449645e-14,"inferred","u1pZTY","textfile"
"122","rs13262861","C","A",0.8326,0.1021,0.0054,"exposure",TRUE,9.91111542080691e-80,"inferred","u1pZTY","textfile"
"123","rs13266634","C","T",0.6814,0.1024,0.0041,"exposure",TRUE,1.12561387384794e-137,"inferred","u1pZTY","textfile"
"124","rs13268508","C","T",0.6277,-0.0376,0.0041,"exposure",TRUE,4.69819050144849e-20,"inferred","u1pZTY","textfile"
"129","rs13406280","C","T",0.566,0.0269,0.0039,"exposure",TRUE,5.29495226443362e-12,"inferred","u1pZTY","textfile"
"130","rs13415288","C","T",0.3654,0.0262,0.004,"exposure",TRUE,5.75370834720866e-11,"inferred","u1pZTY","textfile"
"131","rs13434089","C","T",0.2034,-0.0607,0.0052,"exposure",TRUE,1.74978018660737e-31,"inferred","u1pZTY","textfile"
"132","rs138771","G","A",0.6895,-0.0259,0.0044,"exposure",TRUE,3.94785196441963e-09,"inferred","u1pZTY","textfile"
"134","rs1412234","C","T",0.2864,0.0397,0.0042,"exposure",TRUE,3.31209520377685e-21,"inferred","u1pZTY","textfile"
"135","rs1421085","C","T",0.367,0.1182,0.004,"exposure",TRUE,6.56708998040091e-192,"inferred","u1pZTY","textfile"
"137","rs1426371","G","A",0.692,0.0429,0.0045,"exposure",TRUE,1.52312382964422e-21,"inferred","u1pZTY","textfile"
"138","rs1431819","G","A",0.7075,0.0294,0.0046,"exposure",TRUE,1.64476638377172e-10,"inferred","u1pZTY","textfile"
"139","rs144052331","C","T",0.0539,-0.0709,0.0098,"exposure",TRUE,4.66580361849582e-13,"inferred","u1pZTY","textfile"
"140","rs145904381","C","T",0.0104,-0.1607,0.0221,"exposure",TRUE,3.55535243815691e-13,"inferred","u1pZTY","textfile"
"141","rs146716733","C","T",0.9213,0.0451,0.0079,"exposure",TRUE,1.13734887950344e-08,"inferred","u1pZTY","textfile"
"142","rs1470560","G","A",0.6433,-0.0245,0.004,"exposure",TRUE,9.06836065339057e-10,"inferred","u1pZTY","textfile"
"145","rs149336329","G","T",0.9566,0.0869,0.01,"exposure",TRUE,3.62439488954041e-18,"inferred","u1pZTY","textfile"
"147","rs1561927","C","T",0.31,0.0332,0.0046,"exposure",TRUE,5.29943229774374e-13,"inferred","u1pZTY","textfile"
"148","rs1567353","G","C",0.3612,0.0278,0.004,"exposure",TRUE,3.65286212395395e-12,"inferred","u1pZTY","textfile"
"150","rs1650505","G","A",0.7722,-0.0409,0.0045,"exposure",TRUE,1.00056308964741e-19,"inferred","u1pZTY","textfile"
"155","rs17036160","C","T",0.8874,0.1007,0.0065,"exposure",TRUE,3.9099996968824e-54,"inferred","u1pZTY","textfile"
"158","rs174541","T","C",0.3493,0.0277,0.0041,"exposure",TRUE,1.41757983533141e-11,"inferred","u1pZTY","textfile"
"162","rs17772814","G","A",0.917,0.0685,0.0124,"exposure",TRUE,3.31002420480174e-08,"inferred","u1pZTY","textfile"
"167","rs187653072","C","T",0.0271,0.0967,0.0138,"exposure",TRUE,2.43054053945296e-12,"inferred","u1pZTY","textfile"
"172","rs197374","C","T",0.5929,-0.0224,0.0039,"exposure",TRUE,9.26902025056611e-09,"inferred","u1pZTY","textfile"
"173","rs1996617","C","T",0.3914,0.0289,0.004,"exposure",TRUE,5.01101838084677e-13,"inferred","u1pZTY","textfile"
"175","rs2032217","G","A",0.6671,-0.0268,0.004,"exposure",TRUE,2.08419539759304e-11,"inferred","u1pZTY","textfile"
"179","rs2115107","G","A",0.5948,-0.0357,0.0039,"exposure",TRUE,5.49417915449362e-20,"inferred","u1pZTY","textfile"
"182","rs2169033","C","T",0.34,-0.0325,0.0041,"exposure",TRUE,2.24812030815857e-15,"inferred","u1pZTY","textfile"
"183","rs217256","C","T",0.4926,0.021,0.0037,"exposure",TRUE,1.38142290134058e-08,"inferred","u1pZTY","textfile"
"184","rs2188848","G","A",0.2109,-0.0325,0.0048,"exposure",TRUE,1.28042711277607e-11,"inferred","u1pZTY","textfile"
"186","rs2237897","C","T",0.7624,0.2199,0.0068,"exposure",TRUE,2.03045462873784e-229,"inferred","u1pZTY","textfile"
"187","rs2240716","C","T",0.7069,-0.0262,0.0042,"exposure",TRUE,4.4293097755757e-10,"inferred","u1pZTY","textfile"
"190","rs2257883","G","A",0.7363,-0.071,0.0049,"exposure",TRUE,1.40559816065165e-47,"inferred","u1pZTY","textfile"
"191","rs2269247","C","T",0.8094,0.0356,0.0049,"exposure",TRUE,3.72194407979889e-13,"inferred","u1pZTY","textfile"
"199","rs2408252","C","T",0.5375,-0.0264,0.0043,"exposure",TRUE,8.27634487397413e-10,"inferred","u1pZTY","textfile"
"201","rs242105","C","A",0.4085,0.039,0.0059,"exposure",TRUE,3.83880253786634e-11,"inferred","u1pZTY","textfile"
"207","rs2482506","C","G",0.2389,0.0316,0.0045,"exposure",TRUE,2.1836684984004e-12,"inferred","u1pZTY","textfile"
"208","rs2513505","A","C",0.4068,0.024,0.0038,"exposure",TRUE,2.68785750506682e-10,"inferred","u1pZTY","textfile"
"209","rs2591392","G","A",0.6247,0.0306,0.0039,"exposure",TRUE,4.28990630881844e-15,"inferred","u1pZTY","textfile"
"212","rs2613499","G","A",0.199,-0.0363,0.0053,"exposure",TRUE,7.43385809777581e-12,"inferred","u1pZTY","textfile"
"215","rs2662390","C","T",0.7419,-0.0276,0.0048,"exposure",TRUE,8.92434490780322e-09,"inferred","u1pZTY","textfile"
"217","rs2723065","G","A",0.3817,-0.0422,0.0039,"exposure",TRUE,2.75233005920574e-27,"inferred","u1pZTY","textfile"
"218","rs2725370","C","T",0.7126,-0.0319,0.0046,"exposure",TRUE,4.06846306844772e-12,"inferred","u1pZTY","textfile"
"219","rs2730827","T","C",0.5145,0.0279,0.0038,"exposure",TRUE,2.10259920025639e-13,"inferred","u1pZTY","textfile"
"221","rs2796441","G","A",0.5596,0.0609,0.0039,"exposure",TRUE,5.71991514898878e-55,"inferred","u1pZTY","textfile"
"222","rs2816177","G","A",0.3994,0.0224,0.0039,"exposure",TRUE,9.26902025056611e-09,"inferred","u1pZTY","textfile"
"224","rs28408270","G","T",0.4896,0.0239,0.0039,"exposure",TRUE,8.8875956583779e-10,"inferred","u1pZTY","textfile"
"226","rs28642213","G","A",0.7572,0.0822,0.0047,"exposure",TRUE,1.72680490163272e-68,"inferred","u1pZTY","textfile"
"230","rs28758542","G","A",0.3408,-0.0256,0.0042,"exposure",TRUE,1.09274684059102e-09,"inferred","u1pZTY","textfile"
"231","rs2876354","C","T",0.5168,0.0465,0.0038,"exposure",TRUE,1.97571027961039e-34,"inferred","u1pZTY","textfile"
"232","rs28792187","G","A",0.0729,0.0414,0.0076,"exposure",TRUE,5.11205057488638e-08,"inferred","u1pZTY","textfile"
"235","rs2943650","C","T",0.3616,-0.0805,0.0042,"exposure",TRUE,7.02696029422125e-82,"inferred","u1pZTY","textfile"
"241","rs303760","C","T",0.6887,-0.0334,0.0044,"exposure",TRUE,3.17668777472854e-14,"inferred","u1pZTY","textfile"
"242","rs305686","C","T",0.6267,0.0294,0.0053,"exposure",TRUE,2.90330739458877e-08,"inferred","u1pZTY","textfile"
"243","rs3122231","C","T",0.6586,0.0271,0.0044,"exposure",TRUE,7.31637200825911e-10,"inferred","u1pZTY","textfile"
"245","rs3130931","C","T",0.6765,0.0482,0.0041,"exposure",TRUE,6.57014234771884e-32,"inferred","u1pZTY","textfile"
"246","rs314879","C","T",0.2288,0.0364,0.0046,"exposure",TRUE,2.51171589169372e-15,"inferred","u1pZTY","textfile"
"247","rs329118","C","T",0.5849,-0.0281,0.0038,"exposure",TRUE,1.41688597408963e-13,"inferred","u1pZTY","textfile"
"249","rs340874","C","T",0.4991,0.0543,0.0039,"exposure",TRUE,4.58722783199128e-44,"inferred","u1pZTY","textfile"
"253","rs34506349","G","A",0.9609,0.0665,0.0116,"exposure",TRUE,9.88102057040751e-09,"inferred","u1pZTY","textfile"
"254","rs34584161","G","A",0.2837,-0.0565,0.0044,"exposure",TRUE,9.6731844600947e-38,"inferred","u1pZTY","textfile"
"256","rs348330","G","A",0.4544,0.0497,0.0054,"exposure",TRUE,3.45819931205687e-20,"inferred","u1pZTY","textfile"
"258","rs35011184","G","A",0.7797,-0.2508,0.005,"exposure",TRUE,0,"inferred","u1pZTY","textfile"
"261","rs35753840","C","A",0.34,0.0254,0.0042,"exposure",TRUE,1.4700203976131e-09,"inferred","u1pZTY","textfile"
"262","rs35895680","C","A",0.7066,0.0499,0.0047,"exposure",TRUE,2.48360063990865e-26,"inferred","u1pZTY","textfile"
"269","rs3744347","G","A",0.253,-0.0301,0.0046,"exposure",TRUE,6.01042252328072e-11,"inferred","u1pZTY","textfile"
"270","rs3747207","G","A",0.7178,-0.0412,0.0044,"exposure",TRUE,7.70386200805208e-21,"inferred","u1pZTY","textfile"
"271","rs3751239","G","C",0.2193,-0.0687,0.0047,"exposure",TRUE,2.18764160188669e-48,"inferred","u1pZTY","textfile"
"272","rs3753693","C","T",0.549,0.0255,0.004,"exposure",TRUE,1.82962951672173e-10,"inferred","u1pZTY","textfile"
"275","rs3798519","C","A",0.2086,0.0474,0.0047,"exposure",TRUE,6.42954997849619e-24,"inferred","u1pZTY","textfile"
"279","rs3828242","G","A",0.2696,-0.0252,0.0043,"exposure",TRUE,4.61572496378525e-09,"inferred","u1pZTY","textfile"
"281","rs3872707","G","A",0.844,-0.037,0.0054,"exposure",TRUE,7.29000336178133e-12,"inferred","u1pZTY","textfile"
"282","rs3887059","G","A",0.7364,-0.0295,0.0043,"exposure",TRUE,6.86367033864492e-12,"inferred","u1pZTY","textfile"
"285","rs410150","C","T",0.2139,0.0289,0.0048,"exposure",TRUE,1.73521361682374e-09,"inferred","u1pZTY","textfile"
"286","rs4129858","G","A",0.4167,0.0223,0.0038,"exposure",TRUE,4.39964802023513e-09,"inferred","u1pZTY","textfile"
"287","rs41304257","G","A",0.2441,-0.0318,0.0047,"exposure",TRUE,1.32430466807606e-11,"inferred","u1pZTY","textfile"
"288","rs4252505","G","A",0.1846,0.0413,0.007,"exposure",TRUE,3.63501572619886e-09,"inferred","u1pZTY","textfile"
"289","rs429358","C","T",0.1469,-0.0585,0.0055,"exposure",TRUE,2.0185406442e-26,"inferred","u1pZTY","textfile"
"292","rs4343858","G","A",0.7216,0.0295,0.0045,"exposure",TRUE,5.54351060252276e-11,"inferred","u1pZTY","textfile"
"296","rs4440243","C","T",0.4217,-0.0246,0.0043,"exposure",TRUE,1.05942397027085e-08,"inferred","u1pZTY","textfile"
"299","rs4482463","C","A",0.2443,0.0316,0.0056,"exposure",TRUE,1.67251118030662e-08,"inferred","u1pZTY","textfile"
"300","rs464605","C","T",0.3465,-0.07,0.0041,"exposure",TRUE,2.35078738858952e-65,"inferred","u1pZTY","textfile"
"303","rs4671799","G","A",0.6669,-0.0262,0.004,"exposure",TRUE,5.75370834720866e-11,"inferred","u1pZTY","textfile"
"304","rs4673712","C","T",0.2897,-0.0269,0.0045,"exposure",TRUE,2.26202008861287e-09,"inferred","u1pZTY","textfile"
"305","rs4709746","C","T",0.866,0.0565,0.0059,"exposure",TRUE,1.0061189207293e-21,"inferred","u1pZTY","textfile"
"306","rs4777857","G","A",0.4391,0.0255,0.0039,"exposure",TRUE,6.21548643321082e-11,"inferred","u1pZTY","textfile"
"308","rs4805881","C","A",0.6207,-0.0379,0.0039,"exposure",TRUE,2.52823207599003e-22,"inferred","u1pZTY","textfile"
"311","rs4810145","C","T",0.5221,0.0303,0.0038,"exposure",TRUE,1.54012770576476e-15,"inferred","u1pZTY","textfile"
"313","rs4832290","C","T",0.7645,-0.0267,0.0049,"exposure",TRUE,5.06596252931519e-08,"inferred","u1pZTY","textfile"
"314","rs4833687","C","T",0.7415,-0.0267,0.0045,"exposure",TRUE,2.96845318474291e-09,"inferred","u1pZTY","textfile"
"315","rs4834232","C","T",0.787,-0.0272,0.0047,"exposure",TRUE,7.15548508365847e-09,"inferred","u1pZTY","textfile"
"316","rs4865796","G","A",0.2906,-0.0481,0.0042,"exposure",TRUE,2.28774070914198e-30,"inferred","u1pZTY","textfile"
"317","rs4902002","G","A",0.3474,0.0246,0.0041,"exposure",TRUE,1.9731752900754e-09,"inferred","u1pZTY","textfile"
"318","rs4906272","C","T",0.7332,-0.0299,0.0046,"exposure",TRUE,8.03200116771824e-11,"inferred","u1pZTY","textfile"
"319","rs4923864","G","A",0.6905,0.0568,0.0061,"exposure",TRUE,1.26068761396508e-20,"inferred","u1pZTY","textfile"
"320","rs4929965","G","A",0.6147,-0.0676,0.0042,"exposure",TRUE,2.75509607422694e-58,"inferred","u1pZTY","textfile"
"325","rs501470","G","T",0.4559,-0.032,0.0038,"exposure",TRUE,3.73116592069657e-17,"inferred","u1pZTY","textfile"
"329","rs529565","C","T",0.3648,0.0415,0.0039,"exposure",TRUE,1.92004066004867e-26,"inferred","u1pZTY","textfile"
"330","rs529623","C","T",0.4961,-0.0224,0.0038,"exposure",TRUE,3.75278972594908e-09,"inferred","u1pZTY","textfile"
"331","rs539515","C","A",0.2066,0.0358,0.0046,"exposure",TRUE,7.1044117485605e-15,"inferred","u1pZTY","textfile"
"332","rs55691245","G","A",0.8671,0.0561,0.0064,"exposure",TRUE,1.85743315434954e-18,"inferred","u1pZTY","textfile"
"334","rs55857387","C","T",0.2537,-0.0441,0.0046,"exposure",TRUE,9.07216095301847e-22,"inferred","u1pZTY","textfile"
"335","rs56243018","C","A",0.046,-0.0833,0.0104,"exposure",TRUE,1.1506773528549e-15,"inferred","u1pZTY","textfile"
"338","rs56348580","G","C",0.7058,0.0507,0.0047,"exposure",TRUE,3.95514462217019e-27,"inferred","u1pZTY","textfile"
"340","rs56392746","G","A",0.9169,0.0579,0.0076,"exposure",TRUE,2.56797469800252e-14,"inferred","u1pZTY","textfile"
"345","rs57767539","G","A",0.9362,-0.0622,0.0091,"exposure",TRUE,8.19107902081276e-12,"inferred","u1pZTY","textfile"
"348","rs58542926","C","T",0.9258,-0.0721,0.0072,"exposure",TRUE,1.32441696156929e-23,"inferred","u1pZTY","textfile"
"350","rs59489841","C","T",0.7015,0.0235,0.0042,"exposure",TRUE,2.20319204469286e-08,"inferred","u1pZTY","textfile"
"351","rs59646751","G","T",0.6929,-0.0241,0.0041,"exposure",TRUE,4.15130600099899e-09,"inferred","u1pZTY","textfile"
"352","rs6011155","C","T",0.4137,-0.0284,0.0039,"exposure",TRUE,3.28782037806988e-13,"inferred","u1pZTY","textfile"
"353","rs6021276","C","T",0.6262,-0.0283,0.004,"exposure",TRUE,1.49448760794779e-12,"inferred","u1pZTY","textfile"
"354","rs60251368","G","A",0.0681,0.0549,0.0078,"exposure",TRUE,1.94373937484561e-12,"inferred","u1pZTY","textfile"
"355","rs60384372","G","A",0.4504,-0.0352,0.0042,"exposure",TRUE,5.25011393451967e-17,"inferred","u1pZTY","textfile"
"356","rs6059662","G","A",0.6963,0.0369,0.0043,"exposure",TRUE,9.37291372307882e-18,"inferred","u1pZTY","textfile"
"357","rs6066138","G","A",0.7376,0.042,0.0047,"exposure",TRUE,4.02891200757724e-19,"inferred","u1pZTY","textfile"
"359","rs6137042","G","A",0.697,0.0263,0.0047,"exposure",TRUE,2.19676788498442e-08,"inferred","u1pZTY","textfile"
"362","rs61779284","G","A",0.7976,-0.0703,0.0048,"exposure",TRUE,1.43234268754619e-48,"inferred","u1pZTY","textfile"
"363","rs61817176","C","A",0.4527,-0.0263,0.004,"exposure",TRUE,4.86531680212979e-11,"inferred","u1pZTY","textfile"
"364","rs61967710","G","A",0.9413,-0.0554,0.0099,"exposure",TRUE,2.19404798067498e-08,"inferred","u1pZTY","textfile"
"373","rs62618693","C","T",0.9582,0.0819,0.0111,"exposure",TRUE,1.60229062543862e-13,"inferred","u1pZTY","textfile"
"376","rs6538805","C","T",0.4736,-0.0303,0.0039,"exposure",TRUE,7.89641908519938e-15,"inferred","u1pZTY","textfile"
"378","rs6549112","G","T",0.3328,-0.0268,0.004,"exposure",TRUE,2.08419539759304e-11,"inferred","u1pZTY","textfile"
"381","rs6565922","C","T",0.5752,-0.0279,0.0039,"exposure",TRUE,8.43796311771054e-13,"inferred","u1pZTY","textfile"
"382","rs6567160","C","T",0.2362,0.0539,0.0044,"exposure",TRUE,1.67995921272668e-34,"inferred","u1pZTY","textfile"
"384","rs667920","G","T",0.2332,-0.0324,0.0045,"exposure",TRUE,6.02125596223487e-13,"inferred","u1pZTY","textfile"
"387","rs6712905","C","T",0.3181,0.0279,0.0042,"exposure",TRUE,3.07660007038028e-11,"inferred","u1pZTY","textfile"
"388","rs6714523","G","A",0.8807,-0.0401,0.0061,"exposure",TRUE,4.90568292532236e-11,"inferred","u1pZTY","textfile"
"390","rs6716394","G","A",0.4844,0.0275,0.0037,"exposure",TRUE,1.06618568506236e-13,"inferred","u1pZTY","textfile"
"391","rs67269808","G","A",0.0722,-0.0731,0.0078,"exposure",TRUE,7.13094001379812e-21,"inferred","u1pZTY","textfile"
"392","rs6741676","G","A",0.3067,-0.0324,0.0042,"exposure",TRUE,1.21661654905094e-14,"inferred","u1pZTY","textfile"
"395","rs6777684","G","A",0.6279,0.0548,0.0044,"exposure",TRUE,1.32101971716494e-35,"inferred","u1pZTY","textfile"
"396","rs6792892","C","T",0.4822,0.0306,0.004,"exposure",TRUE,2.00979313130528e-14,"inferred","u1pZTY","textfile"
"397","rs6813195","C","T",0.6486,0.0463,0.004,"exposure",TRUE,5.51712594348688e-31,"inferred","u1pZTY","textfile"
"399","rs6870983","C","T",0.7415,0.0287,0.0049,"exposure",TRUE,4.70898043667379e-09,"inferred","u1pZTY","textfile"
"400","rs6885157","G","T",0.7828,0.0372,0.0068,"exposure",TRUE,4.48544324636185e-08,"inferred","u1pZTY","textfile"
"402","rs6946660","C","T",0.4145,-0.0472,0.0039,"exposure",TRUE,1.02363087844609e-33,"inferred","u1pZTY","textfile"
"403","rs6956980","C","T",0.4669,0.0284,0.0038,"exposure",TRUE,7.79801478206064e-14,"inferred","u1pZTY","textfile"
"405","rs697239","C","T",0.4453,-0.0587,0.0038,"exposure",TRUE,7.85870412083021e-54,"inferred","u1pZTY","textfile"
"406","rs6975279","C","A",0.7117,-0.0431,0.0042,"exposure",TRUE,1.04622369589744e-24,"inferred","u1pZTY","textfile"
"407","rs6976111","C","A",0.7218,-0.0258,0.0046,"exposure",TRUE,2.03857151272732e-08,"inferred","u1pZTY","textfile"
"409","rs7029718","G","A",0.596,-0.0273,0.0039,"exposure",TRUE,2.55962508777165e-12,"inferred","u1pZTY","textfile"
"415","rs7132908","A","G",0.6431,0.0297,0.004,"exposure",TRUE,1.12779915086771e-13,"inferred","u1pZTY","textfile"
"417","rs7147483","C","T",0.3364,-0.0352,0.0041,"exposure",TRUE,9.05478056501352e-18,"inferred","u1pZTY","textfile"
"418","rs71495046","C","A",0.121,0.0399,0.0063,"exposure",TRUE,2.39920452311641e-10,"inferred","u1pZTY","textfile"
"419","rs7156625","G","A",0.7662,-0.053,0.0049,"exposure",TRUE,2.88094251024041e-27,"inferred","u1pZTY","textfile"
"420","rs7163757","C","T",0.5556,0.043,0.0038,"exposure",TRUE,1.09611144818225e-29,"inferred","u1pZTY","textfile"
"422","rs7178762","C","T",0.4889,0.0323,0.0041,"exposure",TRUE,3.32532906752866e-15,"inferred","u1pZTY","textfile"
"423","rs7224711","C","T",0.5196,0.0307,0.0038,"exposure",TRUE,6.53282127153289e-16,"inferred","u1pZTY","textfile"
"424","rs7227272","G","A",0.8229,0.0408,0.0056,"exposure",TRUE,3.1997044565694e-13,"inferred","u1pZTY","textfile"
"425","rs723355","G","A",0.5624,0.0237,0.0039,"exposure",TRUE,1.22510493623859e-09,"inferred","u1pZTY","textfile"
"426","rs7240767","C","T",0.4776,0.034,0.0051,"exposure",TRUE,2.6167849372106e-11,"inferred","u1pZTY","textfile"
"429","rs7274134","C","T",0.6695,0.0247,0.0041,"exposure",TRUE,1.6974834841631e-09,"inferred","u1pZTY","textfile"
"431","rs72802365","G","C",0.928,0.1074,0.008,"exposure",TRUE,4.31584359874468e-41,"inferred","u1pZTY","textfile"
"435","rs730497","G","A",0.8275,-0.0552,0.005,"exposure",TRUE,2.45033164028493e-28,"inferred","u1pZTY","textfile"
"436","rs730831","G","T",0.1945,-0.0878,0.0072,"exposure",TRUE,3.32765685100222e-34,"inferred","u1pZTY","textfile"
"437","rs73121277","C","T",0.2966,0.026,0.0042,"exposure",TRUE,5.99827280576032e-10,"inferred","u1pZTY","textfile"
"441","rs73184014","G","A",0.2094,-0.0298,0.0052,"exposure",TRUE,9.99762052749751e-09,"inferred","u1pZTY","textfile"
"445","rs7483027","C","T",0.3277,-0.0267,0.0041,"exposure",TRUE,7.40604267950184e-11,"inferred","u1pZTY","textfile"
"446","rs75080135","C","A",0.2074,-0.0357,0.0049,"exposure",TRUE,3.1997044565694e-13,"inferred","u1pZTY","textfile"
"448","rs75307421","G","A",0.9687,-0.0737,0.0132,"exposure",TRUE,2.35951889941823e-08,"inferred","u1pZTY","textfile"
"450","rs75432112","G","A",0.9536,-0.1319,0.0104,"exposure",TRUE,7.37542546039607e-37,"inferred","u1pZTY","textfile"
"451","rs7546252","G","A",0.5727,-0.0262,0.0041,"exposure",TRUE,1.65621367904303e-10,"inferred","u1pZTY","textfile"
"452","rs7554251","C","T",0.7016,0.0297,0.0045,"exposure",TRUE,4.11157781879902e-11,"inferred","u1pZTY","textfile"
"453","rs75619936","G","C",0.1329,0.0314,0.0056,"exposure",TRUE,2.05693877434328e-08,"inferred","u1pZTY","textfile"
"454","rs757110","C","A",0.3704,0.0599,0.0039,"exposure",TRUE,3.08415230137186e-53,"inferred","u1pZTY","textfile"
"457","rs7633673","G","A",0.5904,0.0306,0.0038,"exposure",TRUE,8.10325474191949e-16,"inferred","u1pZTY","textfile"
"459","rs7659468","G","T",0.4984,-0.0287,0.0037,"exposure",TRUE,8.71288130209188e-15,"inferred","u1pZTY","textfile"
"460","rs7664347","C","T",0.6601,-0.0234,0.0041,"exposure",TRUE,1.14770861039718e-08,"inferred","u1pZTY","textfile"
"461","rs76675804","C","T",0.0941,-0.1208,0.0074,"exposure",TRUE,6.62703577834126e-60,"inferred","u1pZTY","textfile"
"462","rs7674402","G","A",0.7719,-0.0523,0.0064,"exposure",TRUE,3.03633044601487e-16,"inferred","u1pZTY","textfile"
"464","rs76895963","G","T",0.019,-0.4223,0.0202,"exposure",TRUE,4.72788599626379e-97,"inferred","u1pZTY","textfile"
"465","rs7732130","G","A",0.2954,0.0554,0.0047,"exposure",TRUE,4.54214366102009e-32,"inferred","u1pZTY","textfile"
"466","rs7742292","C","T",0.4778,0.0261,0.004,"exposure",TRUE,6.80015341620032e-11,"inferred","u1pZTY","textfile"
"468","rs7752666","C","T",0.7047,0.0305,0.0043,"exposure",TRUE,1.31213396487085e-12,"inferred","u1pZTY","textfile"
"473","rs79090772","C","T",0.0971,-0.0728,0.0066,"exposure",TRUE,2.72943811761057e-28,"inferred","u1pZTY","textfile"
"474","rs79310463","C","T",0.8257,-0.05,0.0053,"exposure",TRUE,3.94883585559891e-21,"inferred","u1pZTY","textfile"
"479","rs8010382","G","A",0.4692,0.0266,0.0038,"exposure",TRUE,2.55962508777167e-12,"inferred","u1pZTY","textfile"
"480","rs80196932","C","T",0.1828,-0.0479,0.0053,"exposure",TRUE,1.5995033280582e-19,"inferred","u1pZTY","textfile"
"481","rs8043085","G","T",0.6975,-0.0407,0.0042,"exposure",TRUE,3.30981848399984e-22,"inferred","u1pZTY","textfile"
"482","rs8054556","G","A",0.5699,-0.0317,0.0039,"exposure",TRUE,4.35693475864666e-16,"inferred","u1pZTY","textfile"
"483","rs8056890","G","A",0.6775,-0.0295,0.0042,"exposure",TRUE,2.1589909386269e-12,"inferred","u1pZTY","textfile"
"484","rs8061528","C","T",0.7573,-0.0346,0.0045,"exposure",TRUE,1.48418282734417e-14,"inferred","u1pZTY","textfile"
"485","rs8071043","C","T",0.3318,0.0465,0.0041,"exposure",TRUE,8.17655736467242e-30,"inferred","u1pZTY","textfile"
"486","rs8107527","G","A",0.6245,-0.0542,0.004,"exposure",TRUE,7.92301408999041e-42,"inferred","u1pZTY","textfile"
"488","rs8192675","C","T",0.3167,-0.0452,0.0042,"exposure",TRUE,5.20823611875355e-27,"inferred","u1pZTY","textfile"
"491","rs853866","T","A",0.6109,0.0244,0.0044,"exposure",TRUE,2.93191497529361e-08,"inferred","u1pZTY","textfile"
"493","rs860262","C","A",0.5683,0.0747,0.0039,"exposure",TRUE,8.98956138609915e-82,"inferred","u1pZTY","textfile"
"495","rs893617","C","T",0.2813,0.0537,0.0041,"exposure",TRUE,3.40009292208426e-39,"inferred","u1pZTY","textfile"
"496","rs917195","C","T",0.7224,0.0424,0.0046,"exposure",TRUE,3.04415932921692e-20,"inferred","u1pZTY","textfile"
"498","rs9308614","G","A",0.1338,-0.057,0.0058,"exposure",TRUE,8.56469398060135e-23,"inferred","u1pZTY","textfile"
"499","rs9316500","G","T",0.3528,-0.0401,0.0041,"exposure",TRUE,1.36550817691727e-22,"inferred","u1pZTY","textfile"
"502","rs9370243","G","T",0.8339,-0.0394,0.0061,"exposure",TRUE,1.05385697263601e-10,"inferred","u1pZTY","textfile"
"503","rs9379084","G","A",0.843,0.0715,0.0062,"exposure",TRUE,9.0732226674114e-31,"inferred","u1pZTY","textfile"
"504","rs9384","G","T",0.6566,0.0404,0.0041,"exposure",TRUE,6.60933525012518e-23,"inferred","u1pZTY","textfile"
"505","rs9390022","C","T",0.3361,-0.0306,0.0041,"exposure",TRUE,8.43085071122044e-14,"inferred","u1pZTY","textfile"
"508","rs9449295","C","T",0.5169,0.0216,0.0039,"exposure",TRUE,3.05140239760873e-08,"inferred","u1pZTY","textfile"
"510","rs9472139","G","C",0.7397,-0.0376,0.0044,"exposure",TRUE,1.2803134725011e-17,"inferred","u1pZTY","textfile"
"511","rs9479","G","A",0.5244,0.0271,0.0037,"exposure",TRUE,2.40105367707534e-13,"inferred","u1pZTY","textfile"
"512","rs9515905","G","A",0.2606,-0.0472,0.0044,"exposure",TRUE,7.58003529997403e-27,"inferred","u1pZTY","textfile"
"513","rs9560114","T","A",0.2435,-0.0259,0.0047,"exposure",TRUE,3.57534762005944e-08,"inferred","u1pZTY","textfile"
"514","rs9564268","C","T",0.544,-0.0243,0.004,"exposure",TRUE,1.23987721219504e-09,"inferred","u1pZTY","textfile"
"516","rs9587811","C","A",0.5464,0.0248,0.0038,"exposure",TRUE,6.74071272456474e-11,"inferred","u1pZTY","textfile"
"517","rs978444","G","T",0.4136,0.0229,0.0039,"exposure",TRUE,4.31101965158974e-09,"inferred","u1pZTY","textfile"
"520","rs9859406","G","A",0.6476,-0.1117,0.004,"exposure",TRUE,1.32663600552673e-171,"inferred","u1pZTY","textfile"
"523","rs9873519","C","T",0.5288,-0.0373,0.0038,"exposure",TRUE,9.62813577662509e-23,"inferred","u1pZTY","textfile"
"524","rs9913225","G","A",0.3742,0.0262,0.004,"exposure",TRUE,5.75370834720866e-11,"inferred","u1pZTY","textfile"
"525","rs9927842","C","T",0.7886,-0.0307,0.005,"exposure",TRUE,8.25214808479354e-10,"inferred","u1pZTY","textfile"
"526","rs993380","G","A",0.6352,-0.0272,0.0039,"exposure",TRUE,3.07268592465013e-12,"inferred","u1pZTY","textfile"
"527","rs9937296","C","T",0.7708,0.0445,0.007,"exposure",TRUE,2.05540827211223e-10,"inferred","u1pZTY","textfile"
