"","SNP","effect_allele.exposure","other_allele.exposure","effect_allele.outcome","other_allele.outcome","beta.exposure","beta.outcome","eaf.exposure","eaf.outcome","remove","palindromic","ambiguous","id.outcome","se.outcome","pval.outcome","outcome","mr_keep.outcome","pval_origin.outcome","data_source.outcome","se.exposure","pval.exposure","exposure","mr_keep.exposure","pval_origin.exposure","id.exposure","data_source.exposure","action","mr_keep","samplesize.outcome"
"1","rs10062049","T","C","T","C",0.2113,0.00856,0.1365,0.1378,FALSE,FALSE,FALSE,"0V3Av8",0.00246,0.000515,"Educational attainment",TRUE,"reported","textfile",0.0221,1.43e-21,"Diastolic blood pressure",TRUE,"reported","eqbmRa","textfile",2,TRUE,NA
"2","rs10087782","T","C","T","C",0.1211,0.00592,0.448,0.4456,FALSE,FALSE,FALSE,"0V3Av8",0.00171,0.000532,"Educational attainment",TRUE,"reported","textfile",0.0151,1.21e-15,"Diastolic blood pressure",TRUE,"reported","eqbmRa","textfile",2,TRUE,NA
"3","rs1047030","A","G","A","G",0.1291,-0.00157,0.8052,0.7993,FALSE,FALSE,FALSE,"0V3Av8",0.0022,0.474,"Educational attainment",TRUE,"reported","textfile",0.0205,3.01e-10,"Diastolic blood pressure",TRUE,"reported","eqbmRa","textfile",2,TRUE,NA
"4","rs10906391","T","C","T","C",0.121,0.00418,0.3221,0.2874,FALSE,FALSE,FALSE,"0V3Av8",0.00183,0.0221,"Educational attainment",TRUE,"reported","textfile",0.0163,1.32e-13,"Diastolic blood pressure",TRUE,"reported","eqbmRa","textfile",2,TRUE,NA
"5","rs1098708","A","G","A","G",-0.0931,0.00795,0.5411,0.5476,FALSE,FALSE,FALSE,"0V3Av8",0.00171,3.12e-06,"Educational attainment",TRUE,"reported","textfile",0.0152,9.3e-10,"Diastolic blood pressure",TRUE,"reported","eqbmRa","textfile",2,TRUE,NA
"6","rs11026586","A","G","A","G",0.2606,-0.0042,0.0726,0.06973,FALSE,FALSE,FALSE,"0V3Av8",0.00336,0.212,"Educational attainment",TRUE,"reported","textfile",0.0299,3.17e-18,"Diastolic blood pressure",TRUE,"reported","eqbmRa","textfile",2,TRUE,NA
"7","rs11080134","A","G","A","G",-0.0974,-0.00107,0.6464,0.6718,FALSE,FALSE,FALSE,"0V3Av8",0.00179,0.551,"Educational attainment",TRUE,"reported","textfile",0.0159,9.27e-10,"Diastolic blood pressure",TRUE,"reported","eqbmRa","textfile",2,TRUE,NA
"8","rs113134141","A","G","A","G",-0.1569,0.00398,0.8985,0.90816,FALSE,FALSE,FALSE,"0V3Av8",0.00284,0.161,"Educational attainment",TRUE,"reported","textfile",0.025,3.47e-10,"Diastolic blood pressure",TRUE,"reported","eqbmRa","textfile",2,TRUE,NA
"9","rs11628933","C","G","C","G",-0.1338,-0.00063,0.2321,0.2143,FALSE,TRUE,FALSE,"0V3Av8",0.00203,0.754,"Educational attainment",TRUE,"reported","textfile",0.0179,7.4e-14,"Diastolic blood pressure",TRUE,"reported","eqbmRa","textfile",2,TRUE,NA
"10","rs11665020","C","G","C","G",-0.1371,-0.00248,0.3201,0.3231,FALSE,TRUE,FALSE,"0V3Av8",0.00181,0.172,"Educational attainment",TRUE,"reported","textfile",0.0163,4.55e-17,"Diastolic blood pressure",TRUE,"reported","eqbmRa","textfile",2,TRUE,NA
"11","rs11923667","A","T","A","T",0.1222,-0.00136,0.4097,0.4167,FALSE,TRUE,FALSE,"0V3Av8",0.00172,0.429,"Educational attainment",TRUE,"reported","textfile",0.0153,1.69e-15,"Diastolic blood pressure",TRUE,"reported","eqbmRa","textfile",2,TRUE,NA
"12","rs12078697","C","G","C","G",-0.1083,0.00031,0.2103,0.2194,FALSE,TRUE,FALSE,"0V3Av8",0.00209,0.882,"Educational attainment",TRUE,"reported","textfile",0.0186,5.46e-09,"Diastolic blood pressure",TRUE,"reported","eqbmRa","textfile",2,TRUE,NA
"13","rs12142296","T","G","T","G",-0.1716,-0.00208,0.8643,0.8486,FALSE,FALSE,FALSE,"0V3Av8",0.00249,0.405,"Educational attainment",TRUE,"reported","textfile",0.0222,1.1e-14,"Diastolic blood pressure",TRUE,"reported","eqbmRa","textfile",2,TRUE,NA
"14","rs1220128","C","G","C","G",0.1733,0.00133,0.8525,0.8401,FALSE,TRUE,FALSE,"0V3Av8",0.00242,0.583,"Educational attainment",TRUE,"reported","textfile",0.0214,5.49e-16,"Diastolic blood pressure",TRUE,"reported","eqbmRa","textfile",2,TRUE,NA
"15","rs1232482","T","C","T","C",-0.1155,0.00637,0.401,0.4303,FALSE,FALSE,FALSE,"0V3Av8",0.00173,0.000233,"Educational attainment",TRUE,"reported","textfile",0.0153,4.78e-14,"Diastolic blood pressure",TRUE,"reported","eqbmRa","textfile",2,TRUE,NA
"16","rs12583637","A","G","G","C",0.1671,0.00184,0.1326,0.8469,TRUE,FALSE,FALSE,"0V3Av8",0.00266,0.489,"Educational attainment",TRUE,"reported","textfile",0.0223,6.46e-14,"Diastolic blood pressure",TRUE,"reported","eqbmRa","textfile",2,FALSE,NA
"17","rs1271309","A","G","A","G",-0.1786,0.00492,0.1603,0.1514,FALSE,FALSE,FALSE,"0V3Av8",0.00233,0.0344,"Educational attainment",TRUE,"reported","textfile",0.0209,1.36e-17,"Diastolic blood pressure",TRUE,"reported","eqbmRa","textfile",2,TRUE,NA
"18","rs13001283","A","G","A","G",0.1513,-0.00022,0.1596,0.1616,FALSE,FALSE,FALSE,"0V3Av8",0.00231,0.926,"Educational attainment",TRUE,"reported","textfile",0.0207,2.73e-13,"Diastolic blood pressure",TRUE,"reported","eqbmRa","textfile",2,TRUE,NA
"19","rs1565716","A","G","A","G",0.2012,-0.00499,0.0696,0.05612,FALSE,FALSE,FALSE,"0V3Av8",0.00338,0.14,"Educational attainment",TRUE,"reported","textfile",0.0298,1.49e-11,"Diastolic blood pressure",TRUE,"reported","eqbmRa","textfile",2,TRUE,NA
"20","rs1607644","A","G","A","G",-0.1035,-0.00151,0.3639,0.3741,FALSE,FALSE,FALSE,"0V3Av8",0.00177,0.393,"Educational attainment",TRUE,"reported","textfile",0.0155,2.75e-11,"Diastolic blood pressure",TRUE,"reported","eqbmRa","textfile",2,TRUE,NA
"21","rs1706003","T","G","T","G",0.1326,-0.00024,0.4652,0.483,FALSE,FALSE,FALSE,"0V3Av8",0.00172,0.888,"Educational attainment",TRUE,"reported","textfile",0.0157,2.76e-17,"Diastolic blood pressure",TRUE,"reported","eqbmRa","textfile",2,TRUE,NA
"22","rs1718845","A","G","A","G",-0.0963,-4e-04,0.2973,0.2959,FALSE,FALSE,FALSE,"0V3Av8",0.00186,0.831,"Educational attainment",TRUE,"reported","textfile",0.0165,5.14e-09,"Diastolic blood pressure",TRUE,"reported","eqbmRa","textfile",2,TRUE,NA
"23","rs17224476","A","G","A","G",0.1547,-0.00325,0.1103,0.1173,FALSE,FALSE,FALSE,"0V3Av8",0.00273,0.235,"Educational attainment",TRUE,"reported","textfile",0.0241,1.3e-10,"Diastolic blood pressure",TRUE,"reported","eqbmRa","textfile",2,TRUE,NA
"24","rs1722886","A","T","A","T",0.1166,0.00045,0.567,0.5646,FALSE,TRUE,TRUE,"0V3Av8",0.00171,0.795,"Educational attainment",TRUE,"reported","textfile",0.0153,2.37e-14,"Diastolic blood pressure",TRUE,"reported","eqbmRa","textfile",2,FALSE,NA
"25","rs17248480","A","G","A","G",-0.5064,-0.01124,0.0286,0.04592,FALSE,FALSE,FALSE,"0V3Av8",0.00545,0.0392,"Educational attainment",TRUE,"reported","textfile",0.0479,4.07e-26,"Diastolic blood pressure",TRUE,"reported","eqbmRa","textfile",2,TRUE,NA
"26","rs17880989","A","G","A","G",0.3648,-0.00586,0.0256,0.01871,FALSE,FALSE,FALSE,"0V3Av8",0.00564,0.299,"Educational attainment",TRUE,"reported","textfile",0.0506,5.58e-13,"Diastolic blood pressure",TRUE,"reported","eqbmRa","textfile",2,TRUE,NA
"27","rs1821295","T","C","T","C",-0.1347,0.00229,0.6998,0.7211,FALSE,FALSE,FALSE,"0V3Av8",0.00185,0.216,"Educational attainment",TRUE,"reported","textfile",0.0165,2.78e-16,"Diastolic blood pressure",TRUE,"reported","eqbmRa","textfile",2,TRUE,NA
"28","rs1886914","T","G","G","C",-0.1113,-0.00028,0.4094,0.4439,TRUE,FALSE,FALSE,"0V3Av8",0.00177,0.873,"Educational attainment",TRUE,"reported","textfile",0.0154,4.18e-13,"Diastolic blood pressure",TRUE,"reported","eqbmRa","textfile",2,FALSE,NA
"29","rs1947228","T","C","T","C",-0.1451,-0.00089,0.4194,0.4286,FALSE,FALSE,FALSE,"0V3Av8",0.00172,0.608,"Educational attainment",TRUE,"reported","textfile",0.0153,2.39e-21,"Diastolic blood pressure",TRUE,"reported","eqbmRa","textfile",2,TRUE,NA
"30","rs1996992","T","G","T","G",-0.2964,0.00452,0.052,0.05102,FALSE,FALSE,FALSE,"0V3Av8",0.00391,0.248,"Educational attainment",TRUE,"reported","textfile",0.0344,6.54e-18,"Diastolic blood pressure",TRUE,"reported","eqbmRa","textfile",2,TRUE,NA
"31","rs2222544","T","C","T","C",-0.0987,0.00542,0.7368,0.7755,FALSE,FALSE,FALSE,"0V3Av8",0.00193,0.00506,"Educational attainment",TRUE,"reported","textfile",0.0171,8.53e-09,"Diastolic blood pressure",TRUE,"reported","eqbmRa","textfile",2,TRUE,NA
"32","rs2390258","A","G","A","G",-0.1031,-0.00545,0.3079,0.2942,FALSE,FALSE,FALSE,"0V3Av8",0.00186,0.00336,"Educational attainment",TRUE,"reported","textfile",0.0163,2.68e-10,"Diastolic blood pressure",TRUE,"reported","eqbmRa","textfile",2,TRUE,NA
"33","rs2707238","C","G","C","G",0.1019,-0.00112,0.2842,0.2738,FALSE,TRUE,FALSE,"0V3Av8",0.00189,0.555,"Educational attainment",TRUE,"reported","textfile",0.0168,1.37e-09,"Diastolic blood pressure",TRUE,"reported","eqbmRa","textfile",2,TRUE,NA
"34","rs28667801","A","T","A","T",-0.1449,-0.00192,0.593,0.5731,FALSE,TRUE,TRUE,"0V3Av8",0.00174,0.269,"Educational attainment",TRUE,"reported","textfile",0.0157,2.28e-20,"Diastolic blood pressure",TRUE,"reported","eqbmRa","textfile",2,FALSE,NA
"35","rs2929184","A","G","A","G",0.1164,0.00353,0.77,0.7874,FALSE,FALSE,FALSE,"0V3Av8",0.00207,0.0889,"Educational attainment",TRUE,"reported","textfile",0.0187,5.05e-10,"Diastolic blood pressure",TRUE,"reported","eqbmRa","textfile",2,TRUE,NA
"36","rs34163044","A","C","A","C",0.1488,0.0023,0.4184,0.432,FALSE,FALSE,FALSE,"0V3Av8",0.00173,0.182,"Educational attainment",TRUE,"reported","textfile",0.0157,2.04e-21,"Diastolic blood pressure",TRUE,"reported","eqbmRa","textfile",2,TRUE,NA
"37","rs34324971","A","G","A","G",0.1199,-0.00557,0.1864,0.1599,FALSE,FALSE,FALSE,"0V3Av8",0.00223,0.0126,"Educational attainment",TRUE,"reported","textfile",0.0199,1.81e-09,"Diastolic blood pressure",TRUE,"reported","eqbmRa","textfile",2,TRUE,NA
"38","rs34517439","A","C","A","C",-0.233,-0.01112,0.1169,0.1054,FALSE,FALSE,FALSE,"0V3Av8",0.00266,2.91e-05,"Educational attainment",TRUE,"reported","textfile",0.0248,4.84e-21,"Diastolic blood pressure",TRUE,"reported","eqbmRa","textfile",2,TRUE,NA
"39","rs35981664","A","T","A","T",-0.1542,-0.00091,0.6914,0.7228,FALSE,TRUE,FALSE,"0V3Av8",0.00184,0.621,"Educational attainment",TRUE,"reported","textfile",0.0166,1.46e-20,"Diastolic blood pressure",TRUE,"reported","eqbmRa","textfile",2,TRUE,NA
"40","rs360153","T","C","T","C",-0.1917,0.00369,0.4152,0.4082,FALSE,FALSE,FALSE,"0V3Av8",0.00172,0.0322,"Educational attainment",TRUE,"reported","textfile",0.0152,2.71e-36,"Diastolic blood pressure",TRUE,"reported","eqbmRa","textfile",2,TRUE,NA
"41","rs3898618","T","C","T","C",-0.2532,-0.00689,0.9458,0.93878,FALSE,FALSE,FALSE,"0V3Av8",0.00377,0.0673,"Educational attainment",TRUE,"reported","textfile",0.0336,4.76e-14,"Diastolic blood pressure",TRUE,"reported","eqbmRa","textfile",2,TRUE,NA
"42","rs4286632","A","G","A","G",0.127,0.00753,0.7299,0.7194,FALSE,FALSE,FALSE,"0V3Av8",0.00191,8.35e-05,"Educational attainment",TRUE,"reported","textfile",0.017,9.26e-14,"Diastolic blood pressure",TRUE,"reported","eqbmRa","textfile",2,TRUE,NA
"43","rs4411245","A","G","A","G",0.1023,-0.00258,0.2934,0.3367,FALSE,FALSE,FALSE,"0V3Av8",0.00187,0.167,"Educational attainment",TRUE,"reported","textfile",0.0165,5.92e-10,"Diastolic blood pressure",TRUE,"reported","eqbmRa","textfile",2,TRUE,NA
"44","rs4424827","T","C","T","C",-0.0948,0.00246,0.5663,0.5527,FALSE,FALSE,FALSE,"0V3Av8",0.00172,0.152,"Educational attainment",TRUE,"reported","textfile",0.0152,4.17e-10,"Diastolic blood pressure",TRUE,"reported","eqbmRa","textfile",2,TRUE,NA
"45","rs45474499","T","C","T","C",0.3433,0.01662,0.0469,0.0374100000000001,FALSE,FALSE,FALSE,"0V3Av8",0.00402,3.57e-05,"Educational attainment",TRUE,"reported","textfile",0.0362,2.52e-21,"Diastolic blood pressure",TRUE,"reported","eqbmRa","textfile",2,TRUE,NA
"46","rs4634143","T","C","T","C",0.1129,-0.00491,0.2975,0.318,FALSE,FALSE,FALSE,"0V3Av8",0.00186,0.00827,"Educational attainment",TRUE,"reported","textfile",0.0166,9.05e-12,"Diastolic blood pressure",TRUE,"reported","eqbmRa","textfile",2,TRUE,NA
"47","rs4851462","T","C","T","C",-0.1138,0.00391,0.6262,0.6565,FALSE,FALSE,FALSE,"0V3Av8",0.00175,0.0258,"Educational attainment",TRUE,"reported","textfile",0.0158,6.43e-13,"Diastolic blood pressure",TRUE,"reported","eqbmRa","textfile",2,TRUE,NA
"48","rs55684003","A","G","A","G",0.1193,0.00252,0.6991,0.6905,FALSE,FALSE,FALSE,"0V3Av8",0.00185,0.172,"Educational attainment",TRUE,"reported","textfile",0.0164,4.03e-13,"Diastolic blood pressure",TRUE,"reported","eqbmRa","textfile",2,TRUE,NA
"49","rs55747751","A","G","A","G",-0.2159,-0.00373,0.0795,0.06293,FALSE,FALSE,FALSE,"0V3Av8",0.00311,0.231,"Educational attainment",TRUE,"reported","textfile",0.0288,6.07e-14,"Diastolic blood pressure",TRUE,"reported","eqbmRa","textfile",2,TRUE,NA
"50","rs55829085","A","C","A","C",-0.2672,-0.00904,0.9545,0.96088,FALSE,FALSE,FALSE,"0V3Av8",0.0042,0.0314,"Educational attainment",TRUE,"reported","textfile",0.0371,5.73e-13,"Diastolic blood pressure",TRUE,"reported","eqbmRa","textfile",2,TRUE,NA
"51","rs56236159","T","G","T","G",-0.1285,0.0016,0.1457,0.8707,FALSE,FALSE,FALSE,"0V3Av8",0.00249,0.521,"Educational attainment",TRUE,"reported","textfile",0.0219,4.77e-09,"Diastolic blood pressure",TRUE,"reported","eqbmRa","textfile",2,TRUE,NA
"52","rs59333122","A","C","A","C",0.1069,0.00404,0.2724,0.2636,FALSE,FALSE,FALSE,"0V3Av8",0.00203,0.0467,"Educational attainment",TRUE,"reported","textfile",0.0179,2.36e-09,"Diastolic blood pressure",TRUE,"reported","eqbmRa","textfile",2,TRUE,NA
"53","rs598682","A","G","A","G",-0.1153,0.00246,0.2505,0.2466,FALSE,FALSE,FALSE,"0V3Av8",0.00195,0.209,"Educational attainment",TRUE,"reported","textfile",0.0173,2.59e-11,"Diastolic blood pressure",TRUE,"reported","eqbmRa","textfile",2,TRUE,NA
"54","rs603424","A","G","A","G",0.1717,0.00081,0.1815,0.2007,FALSE,FALSE,FALSE,"0V3Av8",0.00231,0.727,"Educational attainment",TRUE,"reported","textfile",0.0202,1.81e-17,"Diastolic blood pressure",TRUE,"reported","eqbmRa","textfile",2,TRUE,NA
"55","rs61892344","T","C","T","C",-0.1162,0.00219,0.1736,0.1922,FALSE,FALSE,FALSE,"0V3Av8",0.00227,0.336,"Educational attainment",TRUE,"reported","textfile",0.0199,5.64e-09,"Diastolic blood pressure",TRUE,"reported","eqbmRa","textfile",2,TRUE,NA
"56","rs62004794","A","G","A","G",-0.0948,0.00219,0.4418,0.4269,FALSE,FALSE,FALSE,"0V3Av8",0.00171,0.201,"Educational attainment",TRUE,"reported","textfile",0.0151,3.77e-10,"Diastolic blood pressure",TRUE,"reported","eqbmRa","textfile",2,TRUE,NA
"57","rs62229372","T","C","T","C",0.1446,-0.00367,0.1269,0.1531,FALSE,FALSE,FALSE,"0V3Av8",0.00255,0.151,"Educational attainment",TRUE,"reported","textfile",0.024,1.69e-09,"Diastolic blood pressure",TRUE,"reported","eqbmRa","textfile",2,TRUE,NA
"58","rs6565174","A","C","A","C",-0.1821,-0.00023,0.1104,0.09864,FALSE,FALSE,FALSE,"0V3Av8",0.0027,0.933,"Educational attainment",TRUE,"reported","textfile",0.0243,6.63e-14,"Diastolic blood pressure",TRUE,"reported","eqbmRa","textfile",2,TRUE,NA
"59","rs668459","T","C","T","C",-0.1219,5e-05,0.5858,0.6122,FALSE,FALSE,FALSE,"0V3Av8",0.00172,0.977,"Educational attainment",TRUE,"reported","textfile",0.0152,1.07e-15,"Diastolic blood pressure",TRUE,"reported","eqbmRa","textfile",2,TRUE,NA
"60","rs6777317","A","G","A","G",0.1147,-0.00221,0.2949,0.2738,FALSE,FALSE,FALSE,"0V3Av8",0.00189,0.242,"Educational attainment",TRUE,"reported","textfile",0.0168,8.35e-12,"Diastolic blood pressure",TRUE,"reported","eqbmRa","textfile",2,TRUE,NA
"61","rs7020564","A","T","A","T",-0.1105,0.00144,0.6985,0.7007,FALSE,TRUE,FALSE,"0V3Av8",0.00186,0.439,"Educational attainment",TRUE,"reported","textfile",0.0169,6.79e-11,"Diastolic blood pressure",TRUE,"reported","eqbmRa","textfile",2,TRUE,NA
"62","rs7134060","A","G","A","G",-0.0999,0.00324,0.446,0.4949,FALSE,FALSE,FALSE,"0V3Av8",0.00171,0.0579,"Educational attainment",TRUE,"reported","textfile",0.0151,4.01e-11,"Diastolic blood pressure",TRUE,"reported","eqbmRa","textfile",2,TRUE,NA
"63","rs7137749","T","C","T","C",0.132,-8e-04,0.3668,0.3639,FALSE,FALSE,FALSE,"0V3Av8",0.00178,0.654,"Educational attainment",TRUE,"reported","textfile",0.0157,4.47e-17,"Diastolic blood pressure",TRUE,"reported","eqbmRa","textfile",2,TRUE,NA
"64","rs7180952","T","C","T","C",-0.0984,-0.00016,0.5421,0.5493,FALSE,FALSE,FALSE,"0V3Av8",0.00171,0.926,"Educational attainment",TRUE,"reported","textfile",0.0153,1.19e-10,"Diastolic blood pressure",TRUE,"reported","eqbmRa","textfile",2,TRUE,NA
"65","rs72704264","C","G","C","G",0.1173,-0.00902,0.2138,0.2075,FALSE,TRUE,FALSE,"0V3Av8",0.00205,1.14e-05,"Educational attainment",TRUE,"reported","textfile",0.0188,4.23e-10,"Diastolic blood pressure",TRUE,"reported","eqbmRa","textfile",2,TRUE,NA
"66","rs73033340","A","G","A","G",0.4615,-0.00688,0.9617,0.96769,FALSE,FALSE,FALSE,"0V3Av8",0.00475,0.147,"Educational attainment",TRUE,"reported","textfile",0.0456,4.42e-24,"Diastolic blood pressure",TRUE,"reported","eqbmRa","textfile",2,TRUE,NA
"67","rs73049928","A","G","A","G",-0.1167,0.00191,0.8072,0.7789,FALSE,FALSE,FALSE,"0V3Av8",0.00218,0.381,"Educational attainment",TRUE,"reported","textfile",0.0195,2.13e-09,"Diastolic blood pressure",TRUE,"reported","eqbmRa","textfile",2,TRUE,NA
"68","rs75507123","T","G","T","G",-0.1396,-0.00178,0.1281,0.1259,FALSE,FALSE,FALSE,"0V3Av8",0.00257,0.489,"Educational attainment",TRUE,"reported","textfile",0.0227,8.47e-10,"Diastolic blood pressure",TRUE,"reported","eqbmRa","textfile",2,TRUE,NA
"69","rs7606205","A","C","A","C",-0.1207,0.00432,0.7007,0.7296,FALSE,FALSE,FALSE,"0V3Av8",0.00186,0.0202,"Educational attainment",TRUE,"reported","textfile",0.0166,3.69e-13,"Diastolic blood pressure",TRUE,"reported","eqbmRa","textfile",2,TRUE,NA
"70","rs8069739","T","C","T","C",-0.1082,0.00367,0.32,0.352,FALSE,FALSE,FALSE,"0V3Av8",0.00183,0.0443,"Educational attainment",TRUE,"reported","textfile",0.0161,1.98e-11,"Diastolic blood pressure",TRUE,"reported","eqbmRa","textfile",2,TRUE,NA
"71","rs873122","C","G","C","G",0.1147,-0.00525,0.7199,0.7517,FALSE,TRUE,FALSE,"0V3Av8",0.00189,0.00555,"Educational attainment",TRUE,"reported","textfile",0.017,1.62e-11,"Diastolic blood pressure",TRUE,"reported","eqbmRa","textfile",2,TRUE,NA
"72","rs875106","A","G","A","G",-0.1217,-0.00205,0.5229,0.4915,FALSE,FALSE,FALSE,"0V3Av8",0.0017,0.229,"Educational attainment",TRUE,"reported","textfile",0.0151,7.66e-16,"Diastolic blood pressure",TRUE,"reported","eqbmRa","textfile",2,TRUE,NA
"73","rs9472135","T","C","T","C",0.1444,0.00562,0.6999,0.6973,FALSE,FALSE,FALSE,"0V3Av8",0.00186,0.00244,"Educational attainment",TRUE,"reported","textfile",0.0165,2.09e-18,"Diastolic blood pressure",TRUE,"reported","eqbmRa","textfile",2,TRUE,NA
"74","rs954767","A","C","A","C",-0.1389,0.00023,0.7391,0.7228,FALSE,FALSE,FALSE,"0V3Av8",0.00193,0.904,"Educational attainment",TRUE,"reported","textfile",0.0171,4.71e-16,"Diastolic blood pressure",TRUE,"reported","eqbmRa","textfile",2,TRUE,NA
"75","rs9563529","T","G","T","G",0.1173,0.00822,0.2058,0.1905,FALSE,FALSE,FALSE,"0V3Av8",0.0021,9.14e-05,"Educational attainment",TRUE,"reported","textfile",0.0188,4.27e-10,"Diastolic blood pressure",TRUE,"reported","eqbmRa","textfile",2,TRUE,NA
"76","rs9638084","A","G","A","G",0.1107,0.0067,0.3956,0.4167,FALSE,FALSE,FALSE,"0V3Av8",0.00174,0.000113,"Educational attainment",TRUE,"reported","textfile",0.0155,8.93e-13,"Diastolic blood pressure",TRUE,"reported","eqbmRa","textfile",2,TRUE,NA
"77","rs9865843","A","G","A","G",-0.0906,0.0012,0.5197,0.5187,FALSE,FALSE,FALSE,"0V3Av8",0.0017,0.482,"Educational attainment",TRUE,"reported","textfile",0.0153,3.42e-09,"Diastolic blood pressure",TRUE,"reported","eqbmRa","textfile",2,TRUE,NA
"78","rs9932866","A","G","A","G",0.1098,0.00607,0.369,0.3588,FALSE,FALSE,FALSE,"0V3Av8",0.00178,0.000652,"Educational attainment",TRUE,"reported","textfile",0.0158,3.41e-12,"Diastolic blood pressure",TRUE,"reported","eqbmRa","textfile",2,TRUE,NA
