"","SNP","effect_allele.exposure","other_allele.exposure","effect_allele.outcome","other_allele.outcome","beta.exposure","beta.outcome","eaf.exposure","eaf.outcome","remove","palindromic","ambiguous","id.outcome","pval.outcome","z.outcome","se.outcome","outcome","mr_keep.outcome","pval_origin.outcome","data_source.outcome","se.exposure","pval.exposure","exposure","mr_keep.exposure","pval_origin.exposure","id.exposure","data_source.exposure","action","mr_keep","samplesize.outcome"
"1","rs10062049","T","C","T","C",0.2113,0.026252371,0.1365,NA,FALSE,FALSE,FALSE,"nwIeZy",0.6061,0.533244616,0.049231385,"Oropharyngeal cancer",TRUE,"reported","textfile",0.0221,1.43e-21,"Diastolic blood pressure",TRUE,"reported","1w9YNy","textfile",2,TRUE,NA
"2","rs10087782","T","C","T","C",0.1211,-0.048409139,0.448,NA,FALSE,FALSE,FALSE,"nwIeZy",0.1765,1.354434142,0.035741228,"Oropharyngeal cancer",TRUE,"reported","textfile",0.0151,1.21e-15,"Diastolic blood pressure",TRUE,"reported","1w9YNy","textfile",2,TRUE,NA
"3","rs1047030","A","G","A","G",0.1291,-0.080934617,0.8052,NA,FALSE,FALSE,FALSE,"nwIeZy",0.1145,1.577856925,0.051294015,"Oropharyngeal cancer",TRUE,"reported","textfile",0.0205,3.01e-10,"Diastolic blood pressure",TRUE,"reported","1w9YNy","textfile",2,TRUE,NA
"4","rs10906391","T","C","T","C",0.121,-0.046253385,0.3221,NA,FALSE,FALSE,FALSE,"nwIeZy",0.2302,1.205368256,0.038372824,"Oropharyngeal cancer",TRUE,"reported","textfile",0.0163,1.32e-13,"Diastolic blood pressure",TRUE,"reported","1w9YNy","textfile",2,TRUE,NA
"5","rs1098708","A","G","A","G",-0.0931,0.041134543,0.5411,NA,FALSE,FALSE,FALSE,"nwIeZy",0.2485,1.160404285,0.035448459,"Oropharyngeal cancer",TRUE,"reported","textfile",0.0152,9.3e-10,"Diastolic blood pressure",TRUE,"reported","1w9YNy","textfile",2,TRUE,NA
"6","rs11026586","A","G","A","G",0.2606,0.059400343,0.0726,NA,FALSE,FALSE,FALSE,"nwIeZy",0.3811,0.887892312,0.066900391,"Oropharyngeal cancer",TRUE,"reported","textfile",0.0299,3.17e-18,"Diastolic blood pressure",TRUE,"reported","1w9YNy","textfile",2,TRUE,NA
"7","rs11080134","A","G","A","G",-0.0974,0.056358734,0.6464,NA,FALSE,FALSE,FALSE,"nwIeZy",0.13,1.514487086,0.037213083,"Oropharyngeal cancer",TRUE,"reported","textfile",0.0159,9.27e-10,"Diastolic blood pressure",TRUE,"reported","1w9YNy","textfile",2,TRUE,NA
"8","rs113134141","A","G","A","G",-0.1569,0.014910613,0.8985,NA,FALSE,FALSE,FALSE,"nwIeZy",0.7866,0.286932177,0.051965635,"Oropharyngeal cancer",TRUE,"reported","textfile",0.025,3.47e-10,"Diastolic blood pressure",TRUE,"reported","1w9YNy","textfile",2,TRUE,NA
"9","rs11628933","C","G","C","G",-0.1338,-0.023985363,0.2321,NA,FALSE,TRUE,TRUE,"nwIeZy",0.5626,0.595994535,0.040244266,"Oropharyngeal cancer",TRUE,"reported","textfile",0.0179,7.4e-14,"Diastolic blood pressure",TRUE,"reported","1w9YNy","textfile",2,FALSE,NA
"10","rs11665020","C","G","C","G",-0.1371,-0.004811557,0.3201,NA,FALSE,TRUE,TRUE,"nwIeZy",0.9009,0.13493725,0.035657737,"Oropharyngeal cancer",TRUE,"reported","textfile",0.0163,4.55e-17,"Diastolic blood pressure",TRUE,"reported","1w9YNy","textfile",2,FALSE,NA
"11","rs11923667","A","T","A","T",0.1222,-0.043534002,0.4097,NA,FALSE,TRUE,TRUE,"nwIeZy",0.2311,1.203098314,0.036184908,"Oropharyngeal cancer",TRUE,"reported","textfile",0.0153,1.69e-15,"Diastolic blood pressure",TRUE,"reported","1w9YNy","textfile",2,FALSE,NA
"12","rs12078697","C","G","C","G",-0.1083,0.155378497,0.2103,NA,FALSE,TRUE,TRUE,"nwIeZy",0.0106,2.55468709,0.060820951,"Oropharyngeal cancer",TRUE,"reported","textfile",0.0186,5.46e-09,"Diastolic blood pressure",TRUE,"reported","1w9YNy","textfile",2,FALSE,NA
"13","rs12142296","T","G","T","G",-0.1716,-0.01242252,0.8643,NA,FALSE,FALSE,FALSE,"nwIeZy",0.8102,0.255577672,0.048605654,"Oropharyngeal cancer",TRUE,"reported","textfile",0.0222,1.1e-14,"Diastolic blood pressure",TRUE,"reported","1w9YNy","textfile",2,TRUE,NA
"14","rs1220128","C","G","C","G",0.1733,-0.043951888,0.8525,NA,FALSE,TRUE,TRUE,"nwIeZy",0.3667,0.914153072,0.048079352,"Oropharyngeal cancer",TRUE,"reported","textfile",0.0214,5.49e-16,"Diastolic blood pressure",TRUE,"reported","1w9YNy","textfile",2,FALSE,NA
"15","rs1232482","T","C","T","C",-0.1155,0.061189168,0.401,NA,FALSE,FALSE,FALSE,"nwIeZy",0.09081,1.689501916,0.036217283,"Oropharyngeal cancer",TRUE,"reported","textfile",0.0153,4.78e-14,"Diastolic blood pressure",TRUE,"reported","1w9YNy","textfile",2,TRUE,NA
"16","rs12583637","A","G","C","G",0.1671,0.02946171,0.1326,NA,TRUE,FALSE,FALSE,"nwIeZy",0.5648,0.592773438,0.049701468,"Oropharyngeal cancer",TRUE,"reported","textfile",0.0223,6.46e-14,"Diastolic blood pressure",TRUE,"reported","1w9YNy","textfile",2,FALSE,NA
"17","rs1271309","A","G","A","G",-0.1786,-0.040853994,0.1603,NA,FALSE,FALSE,FALSE,"nwIeZy",0.4086,0.839359664,0.048672811,"Oropharyngeal cancer",TRUE,"reported","textfile",0.0209,1.36e-17,"Diastolic blood pressure",TRUE,"reported","1w9YNy","textfile",2,TRUE,NA
"18","rs13001283","A","G","A","G",0.1513,-0.008233805,0.1596,NA,FALSE,FALSE,FALSE,"nwIeZy",0.8697,0.176563969,0.046633551,"Oropharyngeal cancer",TRUE,"reported","textfile",0.0207,2.73e-13,"Diastolic blood pressure",TRUE,"reported","1w9YNy","textfile",2,TRUE,NA
"19","rs1565716","A","G","A","G",0.2012,-0.082078111,0.0696,NA,FALSE,FALSE,FALSE,"nwIeZy",0.2274,1.212471367,0.067694886,"Oropharyngeal cancer",TRUE,"reported","textfile",0.0298,1.49e-11,"Diastolic blood pressure",TRUE,"reported","1w9YNy","textfile",2,TRUE,NA
"20","rs1607644","A","G","A","G",-0.1035,-0.056358734,0.3639,NA,FALSE,FALSE,FALSE,"nwIeZy",0.128,1.522316031,0.037021704,"Oropharyngeal cancer",TRUE,"reported","textfile",0.0155,2.75e-11,"Diastolic blood pressure",TRUE,"reported","1w9YNy","textfile",2,TRUE,NA
"21","rs1706003","T","G","T","G",0.1326,-0.046881986,0.4652,NA,FALSE,FALSE,FALSE,"nwIeZy",0.2151,1.244445345,0.037672997,"Oropharyngeal cancer",TRUE,"reported","textfile",0.0157,2.76e-17,"Diastolic blood pressure",TRUE,"reported","1w9YNy","textfile",2,TRUE,NA
"22","rs1718845","A","G","A","G",-0.0963,0.06443186,0.2973,NA,FALSE,FALSE,FALSE,"nwIeZy",0.09082,1.689450041,0.038137772,"Oropharyngeal cancer",TRUE,"reported","textfile",0.0165,5.14e-09,"Diastolic blood pressure",TRUE,"reported","1w9YNy","textfile",2,TRUE,NA
"23","rs17224476","A","G","A","G",0.1547,-0.087848091,0.1103,NA,FALSE,FALSE,FALSE,"nwIeZy",0.1463,1.453970361,0.060419451,"Oropharyngeal cancer",TRUE,"reported","textfile",0.0241,1.3e-10,"Diastolic blood pressure",TRUE,"reported","1w9YNy","textfile",2,TRUE,NA
"24","rs1722886","A","T","A","T",0.1166,0.007729798,0.567,NA,FALSE,TRUE,TRUE,"nwIeZy",0.8257,0.235006444,0.032891856,"Oropharyngeal cancer",TRUE,"reported","textfile",0.0153,2.37e-14,"Diastolic blood pressure",TRUE,"reported","1w9YNy","textfile",2,FALSE,NA
"25","rs17248480","A","G","A","G",-0.5064,-0.080126044,0.0286,NA,FALSE,FALSE,FALSE,"nwIeZy",0.4514,0.767461568,0.104403983,"Oropharyngeal cancer",TRUE,"reported","textfile",0.0479,4.07e-26,"Diastolic blood pressure",TRUE,"reported","1w9YNy","textfile",2,TRUE,NA
"26","rs17880989","A","G","A","G",0.3648,-0.062513905,0.0256,NA,FALSE,FALSE,FALSE,"nwIeZy",0.6135,0.52275064,0.119586473,"Oropharyngeal cancer",TRUE,"reported","textfile",0.0506,5.58e-13,"Diastolic blood pressure",TRUE,"reported","1w9YNy","textfile",2,TRUE,NA
"27","rs1821295","T","C","T","C",-0.1347,0.008464078,0.6998,NA,FALSE,FALSE,FALSE,"nwIeZy",0.8301,0.229167579,0.036934013,"Oropharyngeal cancer",TRUE,"reported","textfile",0.0165,2.78e-16,"Diastolic blood pressure",TRUE,"reported","1w9YNy","textfile",2,TRUE,NA
"28","rs1886914","T","G","C","G",-0.1113,0.008067371,0.4094,NA,TRUE,FALSE,FALSE,"nwIeZy",0.821,0.241243462,0.033440786,"Oropharyngeal cancer",TRUE,"reported","textfile",0.0154,4.18e-13,"Diastolic blood pressure",TRUE,"reported","1w9YNy","textfile",2,FALSE,NA
"29","rs1947228","T","C","T","C",-0.1451,0.009554213,0.4194,NA,FALSE,FALSE,FALSE,"nwIeZy",0.8057,0.261552104,0.036528908,"Oropharyngeal cancer",TRUE,"reported","textfile",0.0153,2.39e-21,"Diastolic blood pressure",TRUE,"reported","1w9YNy","textfile",2,TRUE,NA
"30","rs1996992","T","G","T","G",-0.2964,-0.056358734,0.052,NA,FALSE,FALSE,FALSE,"nwIeZy",0.5509,0.613218474,0.091906451,"Oropharyngeal cancer",TRUE,"reported","textfile",0.0344,6.54e-18,"Diastolic blood pressure",TRUE,"reported","1w9YNy","textfile",2,TRUE,NA
"31","rs2222544","T","C","T","C",-0.0987,0.003606496,0.7368,NA,FALSE,FALSE,FALSE,"nwIeZy",0.9271,0.099752568,0.036154414,"Oropharyngeal cancer",TRUE,"reported","textfile",0.0171,8.53e-09,"Diastolic blood pressure",TRUE,"reported","1w9YNy","textfile",2,TRUE,NA
"32","rs2390258","A","G","A","G",-0.1031,0.057230633,0.3079,NA,FALSE,FALSE,FALSE,"nwIeZy",0.1292,1.5176072,0.037711098,"Oropharyngeal cancer",TRUE,"reported","textfile",0.0163,2.68e-10,"Diastolic blood pressure",TRUE,"reported","1w9YNy","textfile",2,TRUE,NA
"33","rs2707238","C","G","C","G",0.1019,6e-04,0.2842,NA,FALSE,TRUE,TRUE,"nwIeZy",0.9885,0.01595569,0.037615425,"Oropharyngeal cancer",TRUE,"reported","textfile",0.0168,1.37e-09,"Diastolic blood pressure",TRUE,"reported","1w9YNy","textfile",2,FALSE,NA
"34","rs28667801","A","T","A","T",-0.1449,0.033246594,0.593,NA,FALSE,TRUE,TRUE,"nwIeZy",0.4108,0.835561698,0.039789514,"Oropharyngeal cancer",TRUE,"reported","textfile",0.0157,2.28e-20,"Diastolic blood pressure",TRUE,"reported","1w9YNy","textfile",2,FALSE,NA
"35","rs2929184","A","G","A","G",0.1164,0.092334611,0.77,NA,FALSE,FALSE,FALSE,"nwIeZy",0.03714,2.080705894,0.04437658,"Oropharyngeal cancer",TRUE,"reported","textfile",0.0187,5.05e-10,"Diastolic blood pressure",TRUE,"reported","1w9YNy","textfile",2,TRUE,NA
"36","rs34163044","A","C","A","C",0.1488,0.017545179,0.4184,NA,FALSE,FALSE,FALSE,"nwIeZy",0.6259,0.505270805,0.034724308,"Oropharyngeal cancer",TRUE,"reported","textfile",0.0157,2.04e-21,"Diastolic blood pressure",TRUE,"reported","1w9YNy","textfile",2,TRUE,NA
"37","rs34324971","A","G","A","G",0.1199,0.048694922,0.1864,NA,FALSE,FALSE,FALSE,"nwIeZy",0.2969,1.051719204,0.046300307,"Oropharyngeal cancer",TRUE,"reported","textfile",0.0199,1.81e-09,"Diastolic blood pressure",TRUE,"reported","1w9YNy","textfile",2,TRUE,NA
"38","rs34517439","A","C","A","C",-0.233,0.14418692,0.1169,NA,FALSE,FALSE,FALSE,"nwIeZy",0.01563,2.415222265,0.059699234,"Oropharyngeal cancer",TRUE,"reported","textfile",0.0248,4.84e-21,"Diastolic blood pressure",TRUE,"reported","1w9YNy","textfile",2,TRUE,NA
"39","rs35981664","A","T","A","T",-0.1542,-0.029267498,0.6914,NA,FALSE,TRUE,TRUE,"nwIeZy",0.4618,0.750571428,0.038993621,"Oropharyngeal cancer",TRUE,"reported","textfile",0.0166,1.46e-20,"Diastolic blood pressure",TRUE,"reported","1w9YNy","textfile",2,FALSE,NA
"40","rs360153","T","C","T","C",-0.1917,0.092224944,0.4152,NA,FALSE,FALSE,FALSE,"nwIeZy",0.00904,2.610240636,0.03533197,"Oropharyngeal cancer",TRUE,"reported","textfile",0.0152,2.71e-36,"Diastolic blood pressure",TRUE,"reported","1w9YNy","textfile",2,TRUE,NA
"41","rs3898618","T","C","T","C",-0.2532,0.086320706,0.9458,NA,FALSE,FALSE,FALSE,"nwIeZy",0.29,1.066431993,0.08094347,"Oropharyngeal cancer",TRUE,"reported","textfile",0.0336,4.76e-14,"Diastolic blood pressure",TRUE,"reported","1w9YNy","textfile",2,TRUE,NA
"42","rs4286632","A","G","A","G",0.127,-0.01439588,0.7299,NA,FALSE,FALSE,FALSE,"nwIeZy",0.7129,0.385616747,0.037332093,"Oropharyngeal cancer",TRUE,"reported","textfile",0.017,9.26e-14,"Diastolic blood pressure",TRUE,"reported","1w9YNy","textfile",2,TRUE,NA
"43","rs4411245","A","G","A","G",0.1023,-0.083816486,0.2934,NA,FALSE,FALSE,FALSE,"nwIeZy",0.03108,2.152588292,0.038937537,"Oropharyngeal cancer",TRUE,"reported","textfile",0.0165,5.92e-10,"Diastolic blood pressure",TRUE,"reported","1w9YNy","textfile",2,TRUE,NA
"44","rs4424827","T","C","T","C",-0.0948,0.007174204,0.5663,NA,FALSE,FALSE,FALSE,"nwIeZy",0.8418,0.213639171,0.033580938,"Oropharyngeal cancer",TRUE,"reported","textfile",0.0152,4.17e-10,"Diastolic blood pressure",TRUE,"reported","1w9YNy","textfile",2,TRUE,NA
"45","rs45474499","T","C","T","C",0.3433,-0.047930534,0.0469,NA,FALSE,FALSE,FALSE,"nwIeZy",0.566,0.591018763,0.081098159,"Oropharyngeal cancer",TRUE,"reported","textfile",0.0362,2.52e-21,"Diastolic blood pressure",TRUE,"reported","1w9YNy","textfile",2,TRUE,NA
"46","rs4634143","T","C","T","C",0.1129,0.049820695,0.2975,NA,FALSE,FALSE,FALSE,"nwIeZy",0.1941,1.302272123,0.038256747,"Oropharyngeal cancer",TRUE,"reported","textfile",0.0166,9.05e-12,"Diastolic blood pressure",TRUE,"reported","1w9YNy","textfile",2,TRUE,NA
"47","rs4851462","T","C","T","C",-0.1138,-0.036331929,0.6262,NA,FALSE,FALSE,FALSE,"nwIeZy",0.3355,0.973344248,0.037326906,"Oropharyngeal cancer",TRUE,"reported","textfile",0.0158,6.43e-13,"Diastolic blood pressure",TRUE,"reported","1w9YNy","textfile",2,TRUE,NA
"48","rs55684003","A","G","A","G",0.1193,0.022859294,0.6991,NA,FALSE,FALSE,FALSE,"nwIeZy",0.561,0.598340588,0.038204485,"Oropharyngeal cancer",TRUE,"reported","textfile",0.0164,4.03e-13,"Diastolic blood pressure",TRUE,"reported","1w9YNy","textfile",2,TRUE,NA
"49","rs55747751","A","G","A","G",-0.2159,-0.093322157,0.0795,NA,FALSE,FALSE,FALSE,"nwIeZy",0.2371,1.188125113,0.078545732,"Oropharyngeal cancer",TRUE,"reported","textfile",0.0288,6.07e-14,"Diastolic blood pressure",TRUE,"reported","1w9YNy","textfile",2,TRUE,NA
"50","rs55829085","A","C","A","C",-0.2672,0.029737818,0.9545,NA,FALSE,FALSE,FALSE,"nwIeZy",0.7249,0.369429511,0.080496596,"Oropharyngeal cancer",TRUE,"reported","textfile",0.0371,5.73e-13,"Diastolic blood pressure",TRUE,"reported","1w9YNy","textfile",2,TRUE,NA
"51","rs56236159","T","G","T","G",-0.1285,0.032729825,0.1457,NA,FALSE,FALSE,FALSE,"nwIeZy",0.5391,0.630756339,0.051889807,"Oropharyngeal cancer",TRUE,"reported","textfile",0.0219,4.77e-09,"Diastolic blood pressure",TRUE,"reported","1w9YNy","textfile",2,TRUE,NA
"52","rs59333122","A","C","A","C",0.1069,0.005982072,0.2724,NA,FALSE,FALSE,FALSE,"nwIeZy",0.9267,0.100291764,0.059646689,"Oropharyngeal cancer",TRUE,"reported","textfile",0.0179,2.36e-09,"Diastolic blood pressure",TRUE,"reported","1w9YNy","textfile",2,TRUE,NA
"53","rs598682","A","G","A","G",-0.1153,-0.019900662,0.2505,NA,FALSE,FALSE,FALSE,"nwIeZy",0.6301,0.499378598,0.03985085,"Oropharyngeal cancer",TRUE,"reported","textfile",0.0173,2.59e-11,"Diastolic blood pressure",TRUE,"reported","1w9YNy","textfile",2,TRUE,NA
"54","rs603424","A","G","A","G",0.1717,-0.144910172,0.1815,NA,FALSE,FALSE,FALSE,"nwIeZy",0.0116,2.522823102,0.057439688,"Oropharyngeal cancer",TRUE,"reported","textfile",0.0202,1.81e-17,"Diastolic blood pressure",TRUE,"reported","1w9YNy","textfile",2,TRUE,NA
"55","rs61892344","T","C","T","C",-0.1162,0.118316227,0.1736,NA,FALSE,FALSE,FALSE,"nwIeZy",0.01446,2.443636282,0.0484181,"Oropharyngeal cancer",TRUE,"reported","textfile",0.0199,5.64e-09,"Diastolic blood pressure",TRUE,"reported","1w9YNy","textfile",2,TRUE,NA
"56","rs62004794","A","G","A","G",-0.0948,-0.01202738,0.4418,NA,FALSE,FALSE,FALSE,"nwIeZy",0.756,0.327719388,0.03670024,"Oropharyngeal cancer",TRUE,"reported","textfile",0.0151,3.77e-10,"Diastolic blood pressure",TRUE,"reported","1w9YNy","textfile",2,TRUE,NA
"57","rs62229372","T","C","T","C",0.1446,0.017348638,0.1269,NA,FALSE,FALSE,FALSE,"nwIeZy",0.7809,0.294515828,0.058905623,"Oropharyngeal cancer",TRUE,"reported","textfile",0.024,1.69e-09,"Diastolic blood pressure",TRUE,"reported","1w9YNy","textfile",2,TRUE,NA
"58","rs6565174","A","C","A","C",-0.1821,0.117770536,0.1104,NA,FALSE,FALSE,FALSE,"nwIeZy",0.05319,1.930142408,0.061016501,"Oropharyngeal cancer",TRUE,"reported","textfile",0.0243,6.63e-14,"Diastolic blood pressure",TRUE,"reported","1w9YNy","textfile",2,TRUE,NA
"59","rs668459","T","C","T","C",-0.1219,0.01349059,0.5858,NA,FALSE,FALSE,FALSE,"nwIeZy",0.7052,0.396035883,0.03406406,"Oropharyngeal cancer",TRUE,"reported","textfile",0.0152,1.07e-15,"Diastolic blood pressure",TRUE,"reported","1w9YNy","textfile",2,TRUE,NA
"60","rs6777317","A","G","A","G",0.1147,0.046597285,0.2949,NA,FALSE,FALSE,FALSE,"nwIeZy",0.2936,1.058726661,0.044012574,"Oropharyngeal cancer",TRUE,"reported","textfile",0.0168,8.35e-12,"Diastolic blood pressure",TRUE,"reported","1w9YNy","textfile",2,TRUE,NA
"61","rs7020564","A","T","A","T",-0.1105,-0.019214219,0.6985,NA,FALSE,TRUE,TRUE,"nwIeZy",0.6226,0.509910294,0.037681567,"Oropharyngeal cancer",TRUE,"reported","textfile",0.0169,6.79e-11,"Diastolic blood pressure",TRUE,"reported","1w9YNy","textfile",2,FALSE,NA
"62","rs7134060","A","G","A","G",-0.0999,0.03893221,0.446,NA,FALSE,FALSE,FALSE,"nwIeZy",0.2798,1.08862227,0.035762827,"Oropharyngeal cancer",TRUE,"reported","textfile",0.0151,4.01e-11,"Diastolic blood pressure",TRUE,"reported","1w9YNy","textfile",2,TRUE,NA
"63","rs7137749","T","C","T","C",0.132,0.051819749,0.3668,NA,FALSE,FALSE,FALSE,"nwIeZy",0.153,1.43061225,0.036222078,"Oropharyngeal cancer",TRUE,"reported","textfile",0.0157,4.47e-17,"Diastolic blood pressure",TRUE,"reported","1w9YNy","textfile",2,TRUE,NA
"64","rs7180952","T","C","T","C",-0.0984,0.031014054,0.5421,NA,FALSE,FALSE,FALSE,"nwIeZy",0.3824,0.885551598,0.0350223,"Oropharyngeal cancer",TRUE,"reported","textfile",0.0153,1.19e-10,"Diastolic blood pressure",TRUE,"reported","1w9YNy","textfile",2,TRUE,NA
"65","rs72704264","C","G","C","G",0.1173,0.058740495,0.2138,NA,FALSE,TRUE,TRUE,"nwIeZy",0.1828,1.335331959,0.043989432,"Oropharyngeal cancer",TRUE,"reported","textfile",0.0188,4.23e-10,"Diastolic blood pressure",TRUE,"reported","1w9YNy","textfile",2,FALSE,NA
"66","rs73033340","A","G","A","G",0.4615,0.04940035,0.9617,NA,FALSE,FALSE,FALSE,"nwIeZy",0.6674,0.447616422,0.110363132,"Oropharyngeal cancer",TRUE,"reported","textfile",0.0456,4.42e-24,"Diastolic blood pressure",TRUE,"reported","1w9YNy","textfile",2,TRUE,NA
"67","rs73049928","A","G","A","G",-0.1167,0.103473408,0.8072,NA,FALSE,FALSE,FALSE,"nwIeZy",0.03208,2.139934723,0.048353535,"Oropharyngeal cancer",TRUE,"reported","textfile",0.0195,2.13e-09,"Diastolic blood pressure",TRUE,"reported","1w9YNy","textfile",2,TRUE,NA
"68","rs75507123","T","G","T","G",-0.1396,-0.025317808,0.1281,NA,FALSE,FALSE,FALSE,"nwIeZy",0.6332,0.495038451,0.051143114,"Oropharyngeal cancer",TRUE,"reported","textfile",0.0227,8.47e-10,"Diastolic blood pressure",TRUE,"reported","1w9YNy","textfile",2,TRUE,NA
"69","rs7606205","A","C","A","C",-0.1207,-0.001,0.7007,NA,FALSE,FALSE,FALSE,"nwIeZy",0.9781,0.030318692,0.032966472,"Oropharyngeal cancer",TRUE,"reported","textfile",0.0166,3.69e-13,"Diastolic blood pressure",TRUE,"reported","1w9YNy","textfile",2,TRUE,NA
"70","rs8069739","T","C","T","C",-0.1082,-0.023716527,0.32,NA,FALSE,FALSE,FALSE,"nwIeZy",0.5254,0.651341781,0.0364118,"Oropharyngeal cancer",TRUE,"reported","textfile",0.0161,1.98e-11,"Diastolic blood pressure",TRUE,"reported","1w9YNy","textfile",2,TRUE,NA
"71","rs873122","C","G","C","G",0.1147,-0.006319929,0.7199,NA,FALSE,TRUE,TRUE,"nwIeZy",0.8768,0.167110867,0.037818778,"Oropharyngeal cancer",TRUE,"reported","textfile",0.017,1.62e-11,"Diastolic blood pressure",TRUE,"reported","1w9YNy","textfile",2,FALSE,NA
"72","rs875106","A","G","A","G",-0.1217,0.013389237,0.5229,NA,FALSE,FALSE,FALSE,"nwIeZy",0.7294,0.363373957,0.036846992,"Oropharyngeal cancer",TRUE,"reported","textfile",0.0151,7.66e-16,"Diastolic blood pressure",TRUE,"reported","1w9YNy","textfile",2,TRUE,NA
"73","rs9472135","T","C","T","C",0.1444,0.022552404,0.6999,NA,FALSE,FALSE,FALSE,"nwIeZy",0.5586,0.601865154,0.037470859,"Oropharyngeal cancer",TRUE,"reported","textfile",0.0165,2.09e-18,"Diastolic blood pressure",TRUE,"reported","1w9YNy","textfile",2,TRUE,NA
"74","rs954767","A","C","A","C",-0.1389,-0.051643233,0.7391,NA,FALSE,FALSE,FALSE,"nwIeZy",0.1902,1.313515715,0.039316799,"Oropharyngeal cancer",TRUE,"reported","textfile",0.0171,4.71e-16,"Diastolic blood pressure",TRUE,"reported","1w9YNy","textfile",2,TRUE,NA
"75","rs9563529","T","G","T","G",0.1173,-0.086647807,0.2058,NA,FALSE,FALSE,FALSE,"nwIeZy",0.05278,1.933471618,0.044814626,"Oropharyngeal cancer",TRUE,"reported","textfile",0.0188,4.27e-10,"Diastolic blood pressure",TRUE,"reported","1w9YNy","textfile",2,TRUE,NA
"76","rs9638084","A","G","A","G",0.1107,0.030871664,0.3956,NA,FALSE,FALSE,FALSE,"nwIeZy",0.3883,0.874988431,0.035282368,"Oropharyngeal cancer",TRUE,"reported","textfile",0.0155,8.93e-13,"Diastolic blood pressure",TRUE,"reported","1w9YNy","textfile",2,TRUE,NA
"77","rs9865843","A","G","A","G",-0.0906,0.007528266,0.5197,NA,FALSE,FALSE,FALSE,"nwIeZy",0.8347,0.22306299,0.033749509,"Oropharyngeal cancer",TRUE,"reported","textfile",0.0153,3.42e-09,"Diastolic blood pressure",TRUE,"reported","1w9YNy","textfile",2,TRUE,NA
"78","rs9932866","A","G","A","G",0.1098,0.017348638,0.369,NA,FALSE,FALSE,FALSE,"nwIeZy",0.6371,0.489588722,0.035435127,"Oropharyngeal cancer",TRUE,"reported","textfile",0.0158,3.41e-12,"Diastolic blood pressure",TRUE,"reported","1w9YNy","textfile",2,TRUE,NA
