Exposure,SNP,effect allele,other allele,eaf,beta,se,p-value
Diastolic blood pressure,rs12078697,C,G,0.2103,-0.1083,0.0186,5.46E-09
Diastolic blood pressure,rs1886914,T,G,0.4094,-0.1113,0.0154,4.18E-13
Diastolic blood pressure,rs72704264,C,G,0.2138,0.1173,0.0188,4.23E-10
Diastolic blood pressure,rs35981664,A,T,0.6914,-0.1542,0.0166,1.46E-20
Diastolic blood pressure,rs1565716,A,G,0.0696,0.2012,0.0298,1.49E-11
Diastolic blood pressure,rs12142296,T,G,0.8643,-0.1716,0.0222,1.10E-14
Diastolic blood pressure,rs6681713,T,G,0.9817,0.4074,0.0575,1.39E-12
Diastolic blood pressure,rs34517439,A,C,0.1169,-0.233,0.0248,4.84E-21
Diastolic blood pressure,rs603424,A,G,0.1815,0.1717,0.0202,1.81E-17
Diastolic blood pressure,rs4411245,A,G,0.2934,0.1023,0.0165,5.92E-10
Diastolic blood pressure,rs10906391,T,C,0.3221,0.121,0.0163,1.32E-13
Diastolic blood pressure,rs61892344,T,C,0.1736,-0.1162,0.0199,5.64E-09
Diastolic blood pressure,rs11026586,A,G,0.0726,0.2606,0.0299,3.17E-18
Diastolic blood pressure,rs17224476,A,G,0.1103,0.1547,0.0241,1.30E-10
Diastolic blood pressure,rs2929184,A,G,0.77,0.1164,0.0187,5.05E-10
Diastolic blood pressure,rs875106,A,G,0.5229,-0.1217,0.0151,7.66E-16
Diastolic blood pressure,rs4420291,A,G,0.5055,0.0937,0.0151,5.97E-10
Diastolic blood pressure,rs360153,T,C,0.4152,-0.1917,0.0152,2.71E-36
Diastolic blood pressure,rs3898618,T,C,0.9458,-0.2532,0.0336,4.76E-14
Diastolic blood pressure,rs1271309,A,G,0.1603,-0.1786,0.0209,1.36E-17
Diastolic blood pressure,rs7313556,A,G,0.3512,0.09,0.0158,1.24E-08
Diastolic blood pressure,rs1098708,A,G,0.5411,-0.0931,0.0152,9.30E-10
Diastolic blood pressure,rs75507123,T,G,0.1281,-0.1396,0.0227,8.47E-10
Diastolic blood pressure,rs7137749,T,C,0.3668,0.132,0.0157,4.47E-17
Diastolic blood pressure,rs7132012,A,G,0.6766,0.148,0.0161,2.91E-20
Diastolic blood pressure,rs7134060,A,G,0.446,-0.0999,0.0151,4.01E-11
Diastolic blood pressure,rs12583637,A,G,0.1326,0.1671,0.0223,6.46E-14
Diastolic blood pressure,rs9563529,T,G,0.2058,0.1173,0.0188,4.27E-10
Diastolic blood pressure,rs55684003,A,G,0.6991,0.1193,0.0164,4.03E-13
Diastolic blood pressure,rs17880989,A,G,0.0256,0.3648,0.0506,5.58E-13
Diastolic blood pressure,rs4424827,T,C,0.5663,-0.0948,0.0152,4.17E-10
Diastolic blood pressure,rs11628933,C,G,0.2321,-0.1338,0.0179,7.40E-14
Diastolic blood pressure,rs62004794,A,G,0.4418,-0.0948,0.0151,3.77E-10
Diastolic blood pressure,rs7180952,T,C,0.5421,-0.0984,0.0153,1.19E-10
Diastolic blood pressure,rs873122,C,G,0.7199,0.1147,0.017,1.62E-11
Diastolic blood pressure,rs59333122,A,C,0.2724,0.1069,0.0179,2.36E-09
Diastolic blood pressure,rs6565174,A,C,0.1104,-0.1821,0.0243,6.63E-14
Diastolic blood pressure,rs45474499,T,C,0.0469,0.3433,0.0362,2.52E-21
Diastolic blood pressure,rs7185555,C,G,0.1525,-0.1537,0.0215,8.56E-13
Diastolic blood pressure,rs9932866,A,G,0.369,0.1098,0.0158,3.41E-12
Diastolic blood pressure,rs12938803,T,C,0.802,0.1482,0.0197,5.57E-14
Diastolic blood pressure,rs11080134,A,G,0.6464,-0.0974,0.0159,9.27E-10
Diastolic blood pressure,rs8069739,T,C,0.32,-0.1082,0.0161,1.98E-11
Diastolic blood pressure,rs11665020,C,G,0.3201,-0.1371,0.0163,4.55E-17
Diastolic blood pressure,rs4800420,A,G,0.2944,0.1114,0.0166,1.90E-11
Diastolic blood pressure,rs34163044,A,C,0.4184,0.1488,0.0157,2.04E-21
Diastolic blood pressure,rs1821295,T,C,0.6998,-0.1347,0.0165,2.78E-16
Diastolic blood pressure,rs13001283,A,G,0.1596,0.1513,0.0207,2.73E-13
Diastolic blood pressure,rs7606205,A,C,0.7007,-0.1207,0.0166,3.69E-13
Diastolic blood pressure,rs34570306,T,C,0.527,-0.1115,0.0155,5.46E-13
Diastolic blood pressure,rs1220128,C,G,0.8525,0.1733,0.0214,5.49E-16
Diastolic blood pressure,rs2390258,A,G,0.3079,-0.1031,0.0163,2.68E-10
Diastolic blood pressure,rs1996992,T,G,0.052,-0.2964,0.0344,6.54E-18
Diastolic blood pressure,rs1607644,A,G,0.3639,-0.1035,0.0155,2.75E-11
Diastolic blood pressure,rs56236159,T,G,0.1457,-0.1285,0.0219,4.77E-09
Diastolic blood pressure,rs2707238,C,G,0.2842,0.1019,0.0168,1.37E-09
Diastolic blood pressure,rs4851462,T,C,0.6262,-0.1138,0.0158,6.43E-13
Diastolic blood pressure,rs1232482,T,C,0.401,-0.1155,0.0153,4.78E-14
Diastolic blood pressure,rs62229372,T,C,0.1269,0.1446,0.024,1.69E-09
Diastolic blood pressure,rs11923667,A,T,0.4097,0.1222,0.0153,1.69E-15
Diastolic blood pressure,rs1706003,T,G,0.4652,0.1326,0.0157,2.76E-17
Diastolic blood pressure,rs6777317,A,G,0.2949,0.1147,0.0168,8.35E-12
Diastolic blood pressure,rs4634143,T,C,0.2975,0.1129,0.0166,9.05E-12
Diastolic blood pressure,rs113134141,A,G,0.8985,-0.1569,0.025,3.47E-10
Diastolic blood pressure,rs9865843,A,G,0.5197,-0.0906,0.0153,3.42E-09
Diastolic blood pressure,rs17248480,A,G,0.0286,-0.5064,0.0479,4.07E-26
Diastolic blood pressure,rs223361,T,C,0.6642,0.1522,0.0161,3.60E-21
Diastolic blood pressure,rs55829085,A,C,0.9545,-0.2672,0.0371,5.73E-13
Diastolic blood pressure,rs28667801,A,T,0.593,-0.1449,0.0157,2.28E-20
Diastolic blood pressure,rs1718845,A,G,0.2973,-0.0963,0.0165,5.14E-09
Diastolic blood pressure,rs7694000,A,T,0.5374,-0.0954,0.0153,3.90E-10
Diastolic blood pressure,rs55747751,A,G,0.0795,-0.2159,0.0288,6.07E-14
Diastolic blood pressure,rs954767,A,C,0.7391,-0.1389,0.0171,4.71E-16
Diastolic blood pressure,rs12515541,T,G,0.6111,0.1104,0.0154,8.66E-13
Diastolic blood pressure,rs10062049,T,C,0.1365,0.2113,0.0221,1.43E-21
Diastolic blood pressure,rs4286632,A,G,0.7299,0.127,0.017,9.26E-14
Diastolic blood pressure,rs668459,T,C,0.5858,-0.1219,0.0152,1.07E-15
Diastolic blood pressure,rs598682,A,G,0.2505,-0.1153,0.0173,2.59E-11
Diastolic blood pressure,rs115245297,T,C,0.9566,-0.3148,0.0385,3.05E-16
Diastolic blood pressure,rs9472135,T,C,0.6999,0.1444,0.0165,2.09E-18
Diastolic blood pressure,rs73033340,A,G,0.9617,0.4615,0.0456,4.42E-24
Diastolic blood pressure,rs1722886,A,T,0.567,0.1166,0.0153,2.37E-14
Diastolic blood pressure,rs9638084,A,G,0.3956,0.1107,0.0155,8.93E-13
Diastolic blood pressure,rs73049928,A,G,0.8072,-0.1167,0.0195,2.13E-09
Diastolic blood pressure,rs2222544,T,C,0.7368,-0.0987,0.0171,8.53E-09
Diastolic blood pressure,rs34324971,A,G,0.1864,0.1199,0.0199,1.81E-09
Diastolic blood pressure,rs1947228,T,C,0.4194,-0.1451,0.0153,2.39E-21
Diastolic blood pressure,rs10087782,T,C,0.448,0.1211,0.0151,1.21E-15
Diastolic blood pressure,rs56233017,A,G,0.0447,-0.2669,0.0387,5.49E-12
Diastolic blood pressure,rs1047030,A,G,0.8052,0.1291,0.0205,3.01E-10
Diastolic blood pressure,rs7020564,A,T,0.6985,-0.1105,0.0169,6.79E-11