"","chr.exposure","beta.exposure","pos.exposure","pval.exposure","samplesize.exposure","se.exposure","id.exposure","SNP","effect_allele.exposure","other_allele.exposure","eaf.exposure","exposure","mr_keep.exposure","pval_origin.exposure","data_source.exposure"
"1","1",0.022,78048331,4e-10,244338,0.0035,"ieu-a-60","rs17381664","C","T",0.425,"Waist circumference || id:ieu-a-60",TRUE,"reported","igd"
"2","1",0.027,72837239,5.40008e-15,244251,0.0034,"ieu-a-60","rs7531118","C","T",0.6083,"Waist circumference || id:ieu-a-60",TRUE,"reported","igd"
"3","1",0.044,177889480,1.99986e-26,244397,0.0041,"ieu-a-60","rs543874","G","A",0.2667,"Waist circumference || id:ieu-a-60",TRUE,"reported","igd"
"4","1",0.021,96893000,3.89996e-10,244401,0.0033,"ieu-a-60","rs11165623","A","G",0.4833,"Waist circumference || id:ieu-a-60",TRUE,"reported","igd"
"5","1",0.057,110082886,3.09999e-09,221692,0.0096,"ieu-a-60","rs7550711","T","C",0.0339,"Waist circumference || id:ieu-a-60",TRUE,"reported","igd"
"6","1",-0.022,49438005,5.19996e-11,244144,0.0034,"ieu-a-60","rs3127553","A","G",0.6333,"Waist circumference || id:ieu-a-60",TRUE,"reported","igd"
"7","2",-0.022,59307725,5.40008e-11,242616,0.0034,"ieu-a-60","rs6545714","A","G",0.625,"Waist circumference || id:ieu-a-60",TRUE,"reported","igd"
"8","2",-0.051,651105,2.29985e-32,244336,0.0043,"ieu-a-60","rs2867110","C","G",0.125,"Waist circumference || id:ieu-a-60",TRUE,"reported","igd"
"9","2",-0.021,188116196,1.6e-09,244325,0.0035,"ieu-a-60","rs13404250","T","C",0.3667,"Waist circumference || id:ieu-a-60",TRUE,"reported","igd"
"10","2",0.021,25141538,5.19996e-09,202133,0.0036,"ieu-a-60","rs11676272","G","A",0.4828,"Waist circumference || id:ieu-a-60",TRUE,"reported","igd"
"11","2",-0.019,58792377,7.69999e-09,244303,0.0033,"ieu-a-60","rs929641","G","A",0.3833,"Waist circumference || id:ieu-a-60",TRUE,"reported","igd"
"12","3",0.021,141094209,9.09913e-11,244321,0.0033,"ieu-a-60","rs6440003","A","G",0.4833,"Waist circumference || id:ieu-a-60",TRUE,"reported","igd"
"13","3",0.027,12392272,1.89998e-08,244426,0.0048,"ieu-a-60","rs7649970","T","C",0.075,"Waist circumference || id:ieu-a-60",TRUE,"reported","igd"
"14","3",-0.021,85819412,1.09999e-10,244383,0.0033,"ieu-a-60","rs2325036","C","A",0.4083,"Waist circumference || id:ieu-a-60",TRUE,"reported","igd"
"15","3",-0.032,185818882,9.60064e-11,242993,0.0049,"ieu-a-60","rs4234589","G","A",0.0917,"Waist circumference || id:ieu-a-60",TRUE,"reported","igd"
"16","4",0.032,45182527,5.60015e-22,243094,0.0033,"ieu-a-60","rs10938397","G","A",0.4333,"Waist circumference || id:ieu-a-60",TRUE,"reported","igd"
"17","5",-0.025,75003678,1.10002e-13,244366,0.0033,"ieu-a-60","rs2307111","C","T",0.425,"Waist circumference || id:ieu-a-60",TRUE,"reported","igd"
"18","5",0.019,124330522,2.39999e-08,244311,0.0033,"ieu-a-60","rs6864049","G","A",0.4333,"Waist circumference || id:ieu-a-60",TRUE,"reported","igd"
"19","6",-0.022,26200677,1.5e-09,238030,0.0036,"ieu-a-60","rs806794","G","A",0.275,"Waist circumference || id:ieu-a-60",TRUE,"reported","igd"
"20","6",0.039,50865820,7.00003e-20,244420,0.0042,"ieu-a-60","rs943005","T","C",0.1,"Waist circumference || id:ieu-a-60",TRUE,"reported","igd"
"21","6",0.019,120213880,4.09996e-08,244413,0.0034,"ieu-a-60","rs2357760","A","G",0.6583,"Waist circumference || id:ieu-a-60",TRUE,"reported","igd"
"22","6",0.02,40348653,1.79999e-08,244353,0.0036,"ieu-a-60","rs2033529","G","A",0.2583,"Waist circumference || id:ieu-a-60",TRUE,"reported","igd"
"23","6",0.023,108996963,5.60015e-11,244349,0.0035,"ieu-a-60","rs3800229","T","G",0.6917,"Waist circumference || id:ieu-a-60",TRUE,"reported","igd"
"24","9",-0.018,120378483,1.7e-08,244320,0.0033,"ieu-a-60","rs1928295","C","T",0.425,"Waist circumference || id:ieu-a-60",TRUE,"reported","igd"
"25","9",0.024,28410996,6.89922e-12,242461,0.0035,"ieu-a-60","rs1412235","C","G",0.3083,"Waist circumference || id:ieu-a-60",TRUE,"reported","igd"
"26","10",-0.022,114758349,1.7e-09,244418,0.0036,"ieu-a-60","rs7903146","T","C",0.25,"Waist circumference || id:ieu-a-60",TRUE,"reported","igd"
"27","10",0.018,104596396,4.09996e-08,244261,0.0033,"ieu-a-60","rs10786712","T","C",0.3917,"Waist circumference || id:ieu-a-60",TRUE,"reported","igd"
"28","11",-0.022,47572279,1.5e-09,237418,0.0036,"ieu-a-60","rs11039290","A","G",0.3417,"Waist circumference || id:ieu-a-60",TRUE,"reported","igd"
"29","11",0.019,8669437,1.2e-08,244371,0.0034,"ieu-a-60","rs10840100","G","A",0.725,"Waist circumference || id:ieu-a-60",TRUE,"reported","igd"
"30","11",-0.03,27675712,2.90001e-18,244419,0.0035,"ieu-a-60","rs1519480","T","C",0.6333,"Waist circumference || id:ieu-a-60",TRUE,"reported","igd"
"31","12",0.028,50247468,1.59993e-16,244402,0.0034,"ieu-a-60","rs7138803","A","G",0.4417,"Waist circumference || id:ieu-a-60",TRUE,"reported","igd"
"32","13",0.028,54084032,1.29999e-09,243399,0.0046,"ieu-a-60","rs4883723","A","G",0.125,"Waist circumference || id:ieu-a-60",TRUE,"reported","igd"
"33","14",-0.022,25928179,1.09999e-09,244319,0.0035,"ieu-a-60","rs10132280","A","C",0.3333,"Waist circumference || id:ieu-a-60",TRUE,"reported","igd"
"34","14",0.032,79940383,1.59993e-15,243614,0.004,"ieu-a-60","rs7144011","T","G",0.275,"Waist circumference || id:ieu-a-60",TRUE,"reported","igd"
"35","15",-0.024,68099600,2.5e-09,243352,0.0041,"ieu-a-60","rs2278076","A","G",0.1833,"Waist circumference || id:ieu-a-60",TRUE,"reported","igd"
"36","16",0.027,4021734,2.69998e-09,243433,0.0045,"ieu-a-60","rs2531992","G","A",0.8333,"Waist circumference || id:ieu-a-60",TRUE,"reported","igd"
"37","16",0.072,53800954,1.30017e-102,242142,0.0034,"ieu-a-60","rs1421085","C","T",0.45,"Waist circumference || id:ieu-a-60",TRUE,"reported","igd"
"38","16",0.034,28855727,1.99986e-24,244379,0.0033,"ieu-a-60","rs4788099","G","A",0.3583,"Waist circumference || id:ieu-a-60",TRUE,"reported","igd"
"39","16",-0.019,15129459,2.99999e-08,244245,0.0034,"ieu-a-60","rs4985155","G","A",0.3167,"Waist circumference || id:ieu-a-60",TRUE,"reported","igd"
"40","16",-0.02,31088347,4.79999e-09,244386,0.0034,"ieu-a-60","rs749671","A","G",0.375,"Waist circumference || id:ieu-a-60",TRUE,"reported","igd"
"41","18",0.05,57829135,5.79963e-38,244215,0.0039,"ieu-a-60","rs6567160","C","T",0.2833,"Waist circumference || id:ieu-a-60",TRUE,"reported","igd"
"42","18",-0.035,58049656,1.89998e-10,242493,0.0055,"ieu-a-60","rs17066856","C","T",0.1333,"Waist circumference || id:ieu-a-60",TRUE,"reported","igd"
"43","18",-0.019,40147671,5.89997e-09,244039,0.0033,"ieu-a-60","rs7239883","A","G",0.6833,"Waist circumference || id:ieu-a-60",TRUE,"reported","igd"
"44","19",-0.021,18454825,2.39999e-08,242747,0.0038,"ieu-a-60","rs17724992","G","A",0.3083,"Waist circumference || id:ieu-a-60",TRUE,"reported","igd"
"45","19",-0.033,46202172,4.70002e-14,229836,0.0044,"ieu-a-60","rs2287019","T","C",0.15,"Waist circumference || id:ieu-a-60",TRUE,"reported","igd"
"46","20",-0.022,50981945,4.90004e-10,244246,0.0036,"ieu-a-60","rs16996700","C","T",0.3,"Waist circumference || id:ieu-a-60",TRUE,"reported","igd"
