"","SNP","effect_allele.exposure","other_allele.exposure","effect_allele.outcome","other_allele.outcome","beta.exposure","beta.outcome","eaf.exposure","eaf.outcome","remove","palindromic","ambiguous","id.outcome","pval.outcome","se.outcome","outcome","mr_keep.outcome","pval_origin.outcome","data_source.outcome","se.exposure","pval.exposure","exposure","mr_keep.exposure","pval_origin.exposure","id.exposure","data_source.exposure","action","mr_keep","samplesize.outcome"
"1","rs10101067","G","C","G","C",-0.0391,-0.053351175,0.9141,NA,FALSE,TRUE,TRUE,"up5Vai",0.3274,0.053929254,"Oral and oropharyngeal cancer",TRUE,"reported","textfile",0.0069,1.28e-08,"Type 2 diabetes",TRUE,"reported","r923KE","textfile",2,FALSE,NA
"2","rs10119430","G","A","G","A",0.0279,-0.040085724,0.2209,NA,FALSE,FALSE,FALSE,"up5Vai",0.2322,0.033395515,"Oral and oropharyngeal cancer",TRUE,"reported","textfile",0.0046,1.76e-09,"Type 2 diabetes",TRUE,"reported","r923KE","textfile",2,TRUE,NA
"3","rs10159026","C","T","C","T",0.0273,-0.030238183,0.7491,NA,FALSE,FALSE,FALSE,"up5Vai",0.3125,0.029666218,"Oral and oropharyngeal cancer",TRUE,"reported","textfile",0.0046,2.04e-09,"Type 2 diabetes",TRUE,"reported","r923KE","textfile",2,TRUE,NA
"4","rs10184004","C","T","C","T",0.0636,-0.005286004,0.5951,NA,FALSE,FALSE,FALSE,"up5Vai",0.847,0.025568945,"Oral and oropharyngeal cancer",TRUE,"reported","textfile",0.0041,4.39e-54,"Type 2 diabetes",TRUE,"reported","r923KE","textfile",2,TRUE,NA
"5","rs10188334","C","T","C","T",0.0544,0.061449962,0.8409,NA,FALSE,FALSE,FALSE,"up5Vai",0.08848,0.036110548,"Oral and oropharyngeal cancer",TRUE,"reported","textfile",0.0053,2.47e-24,"Type 2 diabetes",TRUE,"reported","r923KE","textfile",2,TRUE,NA
"6","rs10404726","C","T","C","T",0.0255,0.002202424,0.4829,NA,FALSE,FALSE,FALSE,"up5Vai",0.9356,0.024948818,"Oral and oropharyngeal cancer",TRUE,"reported","textfile",0.0042,1.36e-09,"Type 2 diabetes",TRUE,"reported","r923KE","textfile",2,TRUE,NA
"7","rs10440833","T","A","T","A",-0.1286,0.009444459,0.7028,NA,FALSE,TRUE,TRUE,"up5Vai",0.7542,0.028608705,"Oral and oropharyngeal cancer",TRUE,"reported","textfile",0.0041,1e-200,"Type 2 diabetes",TRUE,"reported","r923KE","textfile",2,FALSE,NA
"8","rs10469860","G","A","G","A",-0.0238,-0.014098924,0.2755,NA,FALSE,FALSE,FALSE,"up5Vai",0.6315,0.028344241,"Oral and oropharyngeal cancer",TRUE,"reported","textfile",0.0043,3.84e-08,"Type 2 diabetes",TRUE,"reported","r923KE","textfile",2,TRUE,NA
"9","rs10750397","G","A","G","A",-0.04,0.007528266,0.7146,NA,FALSE,FALSE,FALSE,"up5Vai",0.8025,0.028322885,"Oral and oropharyngeal cancer",TRUE,"reported","textfile",0.0042,1.74e-21,"Type 2 diabetes",TRUE,"reported","r923KE","textfile",2,TRUE,NA
"10","rs1075855","G","C","G","C",0.0263,-0.03575317,0.2791,NA,FALSE,TRUE,TRUE,"up5Vai",0.2492,0.030855433,"Oral and oropharyngeal cancer",TRUE,"reported","textfile",0.0045,3.53e-09,"Type 2 diabetes",TRUE,"reported","r923KE","textfile",2,FALSE,NA
"11","rs10767659","G","T","G","T",0.026,0.013186562,0.3538,NA,FALSE,FALSE,FALSE,"up5Vai",0.6471,0.027722284,"Oral and oropharyngeal cancer",TRUE,"reported","textfile",0.0042,4.56e-10,"Type 2 diabetes",TRUE,"reported","r923KE","textfile",2,TRUE,NA
"12","rs10808671","G","A","G","A",-0.0358,0.070738015,0.5407,NA,FALSE,FALSE,FALSE,"up5Vai",0.008009,0.026674365,"Oral and oropharyngeal cancer",TRUE,"reported","textfile",0.0038,2.37e-21,"Type 2 diabetes",TRUE,"reported","r923KE","textfile",2,TRUE,NA
"13","rs10811661","C","T","C","T",-0.1471,-0.012376271,0.2442,NA,FALSE,FALSE,FALSE,"up5Vai",0.7203,0.032948239,"Oral and oropharyngeal cancer",TRUE,"reported","textfile",0.0048,1e-200,"Type 2 diabetes",TRUE,"reported","r923KE","textfile",2,TRUE,NA
"14","rs10818763","C","T","C","T",0.0358,-0.031110995,0.676,NA,FALSE,FALSE,FALSE,"up5Vai",0.4205,0.03798863,"Oral and oropharyngeal cancer",TRUE,"reported","textfile",0.0051,2.41e-12,"Type 2 diabetes",TRUE,"reported","r923KE","textfile",2,TRUE,NA
"15","rs10830963","G","C","G","C",0.0731,-0.021121497,0.3057,NA,FALSE,TRUE,TRUE,"up5Vai",0.5216,0.032143684,"Oral and oropharyngeal cancer",TRUE,"reported","textfile",0.0042,1.29e-66,"Type 2 diabetes",TRUE,"reported","r923KE","textfile",2,FALSE,NA
"16","rs10879261","G","T","G","T",0.0341,0.013804281,0.388,NA,FALSE,FALSE,FALSE,"up5Vai",0.6117,0.026278911,"Oral and oropharyngeal cancer",TRUE,"reported","textfile",0.0038,6.81e-19,"Type 2 diabetes",TRUE,"reported","r923KE","textfile",2,TRUE,NA
"17","rs10916780","G","A","G","A",-0.0342,-0.067101804,0.2476,NA,FALSE,FALSE,FALSE,"up5Vai",0.05648,0.035239117,"Oral and oropharyngeal cancer",TRUE,"reported","textfile",0.0046,1.58e-13,"Type 2 diabetes",TRUE,"reported","r923KE","textfile",2,TRUE,NA
"18","rs10937721","G","C","G","C",-0.0755,-0.026057534,0.3904,NA,FALSE,TRUE,TRUE,"up5Vai",0.3632,0.028303978,"Oral and oropharyngeal cancer",TRUE,"reported","textfile",0.0043,7.2e-70,"Type 2 diabetes",TRUE,"reported","r923KE","textfile",2,FALSE,NA
"19","rs10938398","G","A","G","A",-0.0445,-0.001299156,0.6065,NA,FALSE,FALSE,FALSE,"up5Vai",0.9611,0.024223245,"Oral and oropharyngeal cancer",TRUE,"reported","textfile",0.0039,1.49e-30,"Type 2 diabetes",TRUE,"reported","r923KE","textfile",2,TRUE,NA
"20","rs10993072","C","T","C","T",-0.0315,-0.019116117,0.6647,NA,FALSE,FALSE,FALSE,"up5Vai",0.5132,0.028536251,"Oral and oropharyngeal cancer",TRUE,"reported","textfile",0.0041,2.93e-14,"Type 2 diabetes",TRUE,"reported","r923KE","textfile",2,TRUE,NA
"21","rs10998338","G","A","G","A",-0.0308,-0.03978087,0.5189,NA,FALSE,FALSE,FALSE,"up5Vai",0.1412,0.027019301,"Oral and oropharyngeal cancer",TRUE,"reported","textfile",0.0039,1.31e-15,"Type 2 diabetes",TRUE,"reported","r923KE","textfile",2,TRUE,NA
"22","rs11048457","G","A","G","A",0.0385,-0.03130485,0.3857,NA,FALSE,FALSE,FALSE,"up5Vai",0.3043,0.030211399,"Oral and oropharyngeal cancer",TRUE,"reported","textfile",0.0043,2.2e-19,"Type 2 diabetes",TRUE,"reported","r923KE","textfile",2,TRUE,NA
"23","rs1109442","C","T","C","T",0.0218,0.014198719,0.4629,NA,FALSE,FALSE,FALSE,"up5Vai",0.601,0.026269337,"Oral and oropharyngeal cancer",TRUE,"reported","textfile",0.0037,6.11e-09,"Type 2 diabetes",TRUE,"reported","r923KE","textfile",2,TRUE,NA
"24","rs11108094","C","A","C","A",-0.0571,0.008334637,0.9339,NA,FALSE,FALSE,FALSE,"up5Vai",0.8846,0.053183811,"Oral and oropharyngeal cancer",TRUE,"reported","textfile",0.0088,1.08e-10,"Type 2 diabetes",TRUE,"reported","r923KE","textfile",2,TRUE,NA
"25","rs1111875","C","T","C","T",0.0928,-0.039605255,0.549,NA,FALSE,FALSE,FALSE,"up5Vai",0.151,0.02755147,"Oral and oropharyngeal cancer",TRUE,"reported","textfile",0.0038,1.44e-128,"Type 2 diabetes",TRUE,"reported","r923KE","textfile",2,TRUE,NA
"26","rs11150745","G","A","G","A",-0.0312,-0.017247893,0.3173,NA,FALSE,FALSE,FALSE,"up5Vai",0.561,0.028826213,"Oral and oropharyngeal cancer",TRUE,"reported","textfile",0.0053,5.17e-09,"Type 2 diabetes",TRUE,"reported","r923KE","textfile",2,TRUE,NA
"27","rs11173646","T","A","T","A",-0.0285,-0.058052931,0.7362,NA,FALSE,TRUE,TRUE,"up5Vai",0.08532,0.033776989,"Oral and oropharyngeal cancer",TRUE,"reported","textfile",0.0047,1.45e-09,"Type 2 diabetes",TRUE,"reported","r923KE","textfile",2,FALSE,NA
"28","rs111765639","G","A","G","A",0.0581,-0.022250609,0.876,NA,FALSE,FALSE,FALSE,"up5Vai",0.7963,0.081195465,"Oral and oropharyngeal cancer",TRUE,"reported","textfile",0.0084,5.37e-12,"Type 2 diabetes",TRUE,"reported","r923KE","textfile",2,TRUE,NA
"29","rs11199116","C","A","C","A",0.0306,-0.037494204,0.1909,NA,FALSE,FALSE,FALSE,"up5Vai",0.2775,0.034281921,"Oral and oropharyngeal cancer",TRUE,"reported","textfile",0.005,1.01e-09,"Type 2 diabetes",TRUE,"reported","r923KE","textfile",2,TRUE,NA
"30","rs11201992","C","A","C","A",0.0251,0.007528266,0.4767,NA,FALSE,FALSE,FALSE,"up5Vai",0.7791,0.025355228,"Oral and oropharyngeal cancer",TRUE,"reported","textfile",0.0038,5.76e-11,"Type 2 diabetes",TRUE,"reported","r923KE","textfile",2,TRUE,NA
"31","rs112324411","C","T","C","T",0.0729,0.122732765,0.9377,NA,FALSE,FALSE,FALSE,"up5Vai",0.08826,0.072073442,"Oral and oropharyngeal cancer",TRUE,"reported","textfile",0.0103,1.42e-12,"Type 2 diabetes",TRUE,"reported","r923KE","textfile",2,TRUE,NA
"32","rs11257655","C","T","C","T",-0.0946,0.054984308,0.7044,NA,FALSE,FALSE,FALSE,"up5Vai",0.09515,0.032975816,"Oral and oropharyngeal cancer",TRUE,"reported","textfile",0.0056,1.44e-63,"Type 2 diabetes",TRUE,"reported","r923KE","textfile",2,TRUE,NA
"33","rs11258422","C","A","C","A",0.0241,0.00079968,0.4091,NA,FALSE,FALSE,FALSE,"up5Vai",0.9777,0.02590517,"Oral and oropharyngeal cancer",TRUE,"reported","textfile",0.0041,3.18e-09,"Type 2 diabetes",TRUE,"reported","r923KE","textfile",2,TRUE,NA
"34","rs1127215","C","T","C","T",0.0412,0.006118681,0.6041,NA,FALSE,FALSE,FALSE,"up5Vai",0.8222,0.025531631,"Oral and oropharyngeal cancer",TRUE,"reported","textfile",0.0039,1.81e-26,"Type 2 diabetes",TRUE,"reported","r923KE","textfile",2,TRUE,NA
"35","rs114136102","C","T","C","T",0.0631,-0.089268468,0.0384,NA,FALSE,FALSE,FALSE,"up5Vai",0.2128,0.071382175,"Oral and oropharyngeal cancer",TRUE,"reported","textfile",0.0114,2.81e-08,"Type 2 diabetes",TRUE,"reported","r923KE","textfile",2,TRUE,NA
"36","rs11583755","C","A","C","A",0.0369,0.018232768,0.3287,NA,FALSE,FALSE,FALSE,"up5Vai",0.5311,0.02836695,"Oral and oropharyngeal cancer",TRUE,"reported","textfile",0.0041,1.31e-19,"Type 2 diabetes",TRUE,"reported","r923KE","textfile",2,TRUE,NA
"37","rs11602873","T","A","T","A",-0.0987,0.022348404,0.1459,NA,FALSE,TRUE,TRUE,"up5Vai",0.5668,0.037888291,"Oral and oropharyngeal cancer",TRUE,"reported","textfile",0.0059,1.98e-62,"Type 2 diabetes",TRUE,"reported","r923KE","textfile",2,FALSE,NA
"38","rs11614914","C","T","C","T",-0.0394,-0.005286004,0.7033,NA,FALSE,FALSE,FALSE,"up5Vai",0.8612,0.028136563,"Oral and oropharyngeal cancer",TRUE,"reported","textfile",0.0044,2.64e-19,"Type 2 diabetes",TRUE,"reported","r923KE","textfile",2,TRUE,NA
"39","rs11616380","G","T","G","T",0.0764,0.035212756,0.7299,NA,FALSE,FALSE,FALSE,"up5Vai",0.2436,0.030039724,"Oral and oropharyngeal cancer",TRUE,"reported","textfile",0.0043,1.02e-69,"Type 2 diabetes",TRUE,"reported","r923KE","textfile",2,TRUE,NA
"40","rs11646052","G","A","G","A",0.026,0.030820142,0.4116,NA,FALSE,FALSE,FALSE,"up5Vai",0.2768,0.02813973,"Oral and oropharyngeal cancer",TRUE,"reported","textfile",0.0039,2.66e-11,"Type 2 diabetes",TRUE,"reported","r923KE","textfile",2,TRUE,NA
"41","rs11651755","C","T","C","T",0.0663,0.012781334,0.4671,NA,FALSE,FALSE,FALSE,"up5Vai",0.6304,0.025616039,"Oral and oropharyngeal cancer",TRUE,"reported","textfile",0.0038,8.61e-67,"Type 2 diabetes",TRUE,"reported","r923KE","textfile",2,TRUE,NA
"42","rs11708067","G","A","G","A",-0.0804,0.022250609,0.2229,NA,FALSE,FALSE,FALSE,"up5Vai",0.4909,0.031589853,"Oral and oropharyngeal cancer",TRUE,"reported","textfile",0.005,1.63e-57,"Type 2 diabetes",TRUE,"reported","r923KE","textfile",2,TRUE,NA
"43","rs117316450","G","C","G","C",0.1328,-0.027576768,0.0183,NA,FALSE,TRUE,TRUE,"up5Vai",0.7903,0.097785751,"Oral and oropharyngeal cancer",TRUE,"reported","textfile",0.0171,9.46e-15,"Type 2 diabetes",TRUE,"reported","r923KE","textfile",2,FALSE,NA
"44","rs11759026","G","A","G","A",0.0585,-0.081101601,0.3164,NA,FALSE,FALSE,FALSE,"up5Vai",0.01156,0.032131541,"Oral and oropharyngeal cancer",TRUE,"reported","textfile",0.0057,1.17e-24,"Type 2 diabetes",TRUE,"reported","r923KE","textfile",2,TRUE,NA
"45","rs117642733","C","T","C","T",-0.0762,-0.104540179,0.9584,NA,FALSE,FALSE,FALSE,"up5Vai",0.2377,0.088097432,"Oral and oropharyngeal cancer",TRUE,"reported","textfile",0.0133,9.45e-09,"Type 2 diabetes",TRUE,"reported","r923KE","textfile",2,TRUE,NA
"46","rs11870735","C","T","C","T",-0.0314,0.044369948,0.824,NA,FALSE,FALSE,FALSE,"up5Vai",0.1985,0.034400992,"Oral and oropharyngeal cancer",TRUE,"reported","textfile",0.0054,7.58e-09,"Type 2 diabetes",TRUE,"reported","r923KE","textfile",2,TRUE,NA
"47","rs12001437","C","T","C","T",0.0301,-0.002803927,0.4071,NA,FALSE,FALSE,FALSE,"up5Vai",0.9191,0.025369475,"Oral and oropharyngeal cancer",TRUE,"reported","textfile",0.0038,4.38e-15,"Type 2 diabetes",TRUE,"reported","r923KE","textfile",2,TRUE,NA
"48","rs12056338","G","T","G","T",-0.0251,-0.020194707,0.6086,NA,FALSE,FALSE,FALSE,"up5Vai",0.4546,0.026493816,"Oral and oropharyngeal cancer",TRUE,"reported","textfile",0.004,2.18e-10,"Type 2 diabetes",TRUE,"reported","r923KE","textfile",2,TRUE,NA
"49","rs12380322","G","A","G","A",0.0295,-0.040926167,0.3922,NA,FALSE,FALSE,FALSE,"up5Vai",0.1338,0.027286485,"Oral and oropharyngeal cancer",TRUE,"reported","textfile",0.004,1.64e-13,"Type 2 diabetes",TRUE,"reported","r923KE","textfile",2,TRUE,NA
"50","rs12419690","G","A","G","A",0.0298,-0.009653257,0.5115,NA,FALSE,FALSE,FALSE,"up5Vai",0.7222,0.025875428,"Oral and oropharyngeal cancer",TRUE,"reported","textfile",0.004,1.39e-13,"Type 2 diabetes",TRUE,"reported","r923KE","textfile",2,TRUE,NA
"51","rs12505942","C","T","C","T",-0.0294,-0.003104815,0.3133,NA,FALSE,FALSE,FALSE,"up5Vai",0.9161,0.027102996,"Oral and oropharyngeal cancer",TRUE,"reported","textfile",0.0042,1.83e-12,"Type 2 diabetes",TRUE,"reported","r923KE","textfile",2,TRUE,NA
"52","rs1260326","C","T","C","T",0.0625,0.027420596,0.5805,NA,FALSE,FALSE,FALSE,"up5Vai",0.3207,0.027347923,"Oral and oropharyngeal cancer",TRUE,"reported","textfile",0.0039,2.16e-57,"Type 2 diabetes",TRUE,"reported","r923KE","textfile",2,TRUE,NA
"53","rs12603589","C","T","C","T",0.0421,0.008067371,0.3128,NA,FALSE,FALSE,FALSE,"up5Vai",0.8083,0.031256761,"Oral and oropharyngeal cancer",TRUE,"reported","textfile",0.0046,1.06e-19,"Type 2 diabetes",TRUE,"reported","r923KE","textfile",2,TRUE,NA
"54","rs12625671","C","T","C","T",0.0603,0.003992021,0.2326,NA,FALSE,FALSE,FALSE,"up5Vai",0.9233,0.038065596,"Oral and oropharyngeal cancer",TRUE,"reported","textfile",0.0055,6.08e-28,"Type 2 diabetes",TRUE,"reported","r923KE","textfile",2,TRUE,NA
"55","rs12746673","C","A","C","A",0.0308,0.00796817,0.2076,NA,FALSE,FALSE,FALSE,"up5Vai",0.8114,0.031372635,"Oral and oropharyngeal cancer",TRUE,"reported","textfile",0.0049,3.3e-10,"Type 2 diabetes",TRUE,"reported","r923KE","textfile",2,TRUE,NA
"56","rs12789028","G","A","G","A",-0.0459,0.103917113,0.8198,NA,FALSE,FALSE,FALSE,"up5Vai",0.003016,0.034971771,"Oral and oropharyngeal cancer",TRUE,"reported","textfile",0.005,3.9e-20,"Type 2 diabetes",TRUE,"reported","r923KE","textfile",2,TRUE,NA
"57","rs12883788","C","T","C","T",-0.0327,0.006118681,0.5887,NA,FALSE,FALSE,FALSE,"up5Vai",0.8209,0.025349151,"Oral and oropharyngeal cancer",TRUE,"reported","textfile",0.004,2.82e-16,"Type 2 diabetes",TRUE,"reported","r923KE","textfile",2,TRUE,NA
"58","rs12910361","G","A","G","A",0.0686,0.017152059,0.614,NA,FALSE,FALSE,FALSE,"up5Vai",0.5437,0.027491724,"Oral and oropharyngeal cancer",TRUE,"reported","textfile",0.004,5.19e-65,"Type 2 diabetes",TRUE,"reported","r923KE","textfile",2,TRUE,NA
"59","rs12918782","G","A","G","A",0.0308,0.075571187,0.2568,NA,FALSE,FALSE,FALSE,"up5Vai",0.02328,0.033354645,"Oral and oropharyngeal cancer",TRUE,"reported","textfile",0.0047,4.57e-11,"Type 2 diabetes",TRUE,"reported","r923KE","textfile",2,TRUE,NA
"60","rs12986742","C","T","C","T",0.0353,-0.018877056,0.4727,NA,FALSE,FALSE,FALSE,"up5Vai",0.4812,0.026232697,"Oral and oropharyngeal cancer",TRUE,"reported","textfile",0.0038,5.53e-21,"Type 2 diabetes",TRUE,"reported","r923KE","textfile",2,TRUE,NA
"61","rs13059382","G","T","G","T",0.0356,0.104472022,0.7216,NA,FALSE,FALSE,FALSE,"up5Vai",0.04428,0.052028341,"Oral and oropharyngeal cancer",TRUE,"reported","textfile",0.0059,1.4e-09,"Type 2 diabetes",TRUE,"reported","r923KE","textfile",2,TRUE,NA
"62","rs13094957","C","T","C","T",-0.0637,0.023521195,0.2196,NA,FALSE,FALSE,FALSE,"up5Vai",0.4703,0.031918313,"Oral and oropharyngeal cancer",TRUE,"reported","textfile",0.0047,2.35e-42,"Type 2 diabetes",TRUE,"reported","r923KE","textfile",2,TRUE,NA
"63","rs13099581","C","T","C","T",0.0371,-0.004091618,0.8192,NA,FALSE,FALSE,FALSE,"up5Vai",0.9111,0.033739907,"Oral and oropharyngeal cancer",TRUE,"reported","textfile",0.0058,1.28e-10,"Type 2 diabetes",TRUE,"reported","r923KE","textfile",2,TRUE,NA
"64","rs13237518","C","A","C","A",-0.0283,-0.004888034,0.5207,NA,FALSE,FALSE,FALSE,"up5Vai",0.8583,0.025495112,"Oral and oropharyngeal cancer",TRUE,"reported","textfile",0.0038,1.99e-13,"Type 2 diabetes",TRUE,"reported","r923KE","textfile",2,TRUE,NA
"65","rs13262861","C","A","C","A",0.1021,0.022245609,0.8326,NA,FALSE,FALSE,FALSE,"up5Vai",0.5334,0.034797312,"Oral and oropharyngeal cancer",TRUE,"reported","textfile",0.0054,8.2e-79,"Type 2 diabetes",TRUE,"reported","r923KE","textfile",2,TRUE,NA
"66","rs13266634","C","T","C","T",0.1024,-0.053919842,0.6814,NA,FALSE,FALSE,FALSE,"up5Vai",0.06833,0.029623905,"Oral and oropharyngeal cancer",TRUE,"reported","textfile",0.0041,4.23e-136,"Type 2 diabetes",TRUE,"reported","r923KE","textfile",2,TRUE,NA
"67","rs13268508","C","T","C","T",-0.0376,0.020508877,0.6277,NA,FALSE,FALSE,FALSE,"up5Vai",0.4773,0.028257983,"Oral and oropharyngeal cancer",TRUE,"reported","textfile",0.0041,4.07e-20,"Type 2 diabetes",TRUE,"reported","r923KE","textfile",2,TRUE,NA
"68","rs13406280","C","T","C","T",0.0269,0.015418253,0.566,NA,FALSE,FALSE,FALSE,"up5Vai",0.5683,0.026236684,"Oral and oropharyngeal cancer",TRUE,"reported","textfile",0.0039,5.66e-12,"Type 2 diabetes",TRUE,"reported","r923KE","textfile",2,TRUE,NA
"69","rs13415288","C","T","C","T",0.0262,0.015479571,0.3654,NA,FALSE,FALSE,FALSE,"up5Vai",0.5752,0.026798942,"Oral and oropharyngeal cancer",TRUE,"reported","textfile",0.004,9.16e-11,"Type 2 diabetes",TRUE,"reported","r923KE","textfile",2,TRUE,NA
"70","rs13434089","C","T","C","T",-0.0607,0.013705647,0.2034,NA,FALSE,FALSE,FALSE,"up5Vai",0.7351,0.038529937,"Oral and oropharyngeal cancer",TRUE,"reported","textfile",0.0052,4.45e-31,"Type 2 diabetes",TRUE,"reported","r923KE","textfile",2,TRUE,NA
"71","rs138771","G","A","G","A",-0.0259,-0.008233805,0.6895,NA,FALSE,FALSE,FALSE,"up5Vai",0.8,0.030595058,"Oral and oropharyngeal cancer",TRUE,"reported","textfile",0.0044,3.78e-09,"Type 2 diabetes",TRUE,"reported","r923KE","textfile",2,TRUE,NA
"72","rs1412234","C","T","C","T",0.0397,-0.04019719,0.2864,NA,FALSE,FALSE,FALSE,"up5Vai",0.1774,0.029738817,"Oral and oropharyngeal cancer",TRUE,"reported","textfile",0.0042,4.42e-21,"Type 2 diabetes",TRUE,"reported","r923KE","textfile",2,TRUE,NA
"73","rs1421085","C","T","C","T",0.1182,-0.053611769,0.367,NA,FALSE,FALSE,FALSE,"up5Vai",0.05663,0.028171759,"Oral and oropharyngeal cancer",TRUE,"reported","textfile",0.004,1.29e-189,"Type 2 diabetes",TRUE,"reported","r923KE","textfile",2,TRUE,NA
"74","rs1426371","G","A","G","A",0.0429,-0.024107075,0.692,NA,FALSE,FALSE,FALSE,"up5Vai",0.5191,0.036476509,"Oral and oropharyngeal cancer",TRUE,"reported","textfile",0.0045,1.29e-21,"Type 2 diabetes",TRUE,"reported","r923KE","textfile",2,TRUE,NA
"75","rs1431819","G","A","G","A",0.0294,-0.026241311,0.7075,NA,FALSE,FALSE,FALSE,"up5Vai",0.3734,0.029096966,"Oral and oropharyngeal cancer",TRUE,"reported","textfile",0.0046,1.99e-10,"Type 2 diabetes",TRUE,"reported","r923KE","textfile",2,TRUE,NA
"76","rs144052331","C","T","C","T",-0.0709,-0.012983928,0.0539,NA,FALSE,FALSE,FALSE,"up5Vai",0.8603,0.068674042,"Oral and oropharyngeal cancer",TRUE,"reported","textfile",0.0098,3.97e-13,"Type 2 diabetes",TRUE,"reported","r923KE","textfile",2,TRUE,NA
"77","rs146716733","C","T","C","T",0.0451,0.006722546,0.9213,NA,FALSE,FALSE,FALSE,"up5Vai",0.9141,0.057338783,"Oral and oropharyngeal cancer",TRUE,"reported","textfile",0.0079,1.24e-08,"Type 2 diabetes",TRUE,"reported","r923KE","textfile",2,TRUE,NA
"78","rs1470560","G","A","G","A",-0.0245,-0.065225785,0.6433,NA,FALSE,FALSE,FALSE,"up5Vai",0.01832,0.027679668,"Oral and oropharyngeal cancer",TRUE,"reported","textfile",0.004,1.22e-09,"Type 2 diabetes",TRUE,"reported","r923KE","textfile",2,TRUE,NA
"79","rs149336329","G","T","G","T",0.0869,0.062833309,0.9566,NA,FALSE,FALSE,FALSE,"up5Vai",0.4057,0.074413158,"Oral and oropharyngeal cancer",TRUE,"reported","textfile",0.01,2.86e-18,"Type 2 diabetes",TRUE,"reported","r923KE","textfile",2,TRUE,NA
"80","rs1561927","C","T","C","T",0.0332,0.038162461,0.31,NA,FALSE,FALSE,FALSE,"up5Vai",0.1949,0.029356043,"Oral and oropharyngeal cancer",TRUE,"reported","textfile",0.0046,4.97e-13,"Type 2 diabetes",TRUE,"reported","r923KE","textfile",2,TRUE,NA
"81","rs1567353","G","C","G","C",0.0278,0.039605255,0.3612,NA,FALSE,TRUE,TRUE,"up5Vai",0.1654,0.028505621,"Oral and oropharyngeal cancer",TRUE,"reported","textfile",0.004,7.06e-12,"Type 2 diabetes",TRUE,"reported","r923KE","textfile",2,FALSE,NA
"82","rs1650505","G","A","G","A",-0.0409,-0.016266972,0.7722,NA,FALSE,FALSE,FALSE,"up5Vai",0.6155,0.031287296,"Oral and oropharyngeal cancer",TRUE,"reported","textfile",0.0045,1.69e-19,"Type 2 diabetes",TRUE,"reported","r923KE","textfile",2,TRUE,NA
"83","rs17036160","C","T","C","T",0.1007,-0.004091618,0.8874,NA,FALSE,FALSE,FALSE,"up5Vai",0.9245,0.039625916,"Oral and oropharyngeal cancer",TRUE,"reported","textfile",0.0065,1.54e-53,"Type 2 diabetes",TRUE,"reported","r923KE","textfile",2,TRUE,NA
"84","rs174541","T","C","T","C",0.0277,0.064751877,0.3493,NA,FALSE,FALSE,FALSE,"up5Vai",0.02353,0.028631265,"Oral and oropharyngeal cancer",TRUE,"reported","textfile",0.0041,2.39e-11,"Type 2 diabetes",TRUE,"reported","r923KE","textfile",2,TRUE,NA
"85","rs17772814","G","A","G","A",0.0685,0.022859294,0.917,NA,FALSE,FALSE,FALSE,"up5Vai",0.6675,0.05108463,"Oral and oropharyngeal cancer",TRUE,"reported","textfile",0.0124,3.38e-08,"Type 2 diabetes",TRUE,"reported","r923KE","textfile",2,TRUE,NA
"86","rs187653072","C","T","C","T",0.0967,-0.042803122,0.0271,NA,FALSE,FALSE,FALSE,"up5Vai",0.64,0.088155024,"Oral and oropharyngeal cancer",TRUE,"reported","textfile",0.0138,2.22e-12,"Type 2 diabetes",TRUE,"reported","r923KE","textfile",2,TRUE,NA
"87","rs197374","C","T","C","T",-0.0224,-0.032079893,0.5929,NA,FALSE,FALSE,FALSE,"up5Vai",0.2384,0.027073543,"Oral and oropharyngeal cancer",TRUE,"reported","textfile",0.0039,7.76e-09,"Type 2 diabetes",TRUE,"reported","r923KE","textfile",2,TRUE,NA
"88","rs1996617","C","T","C","T",0.0289,0.001898197,0.3914,NA,FALSE,FALSE,FALSE,"up5Vai",0.9494,0.027283613,"Oral and oropharyngeal cancer",TRUE,"reported","textfile",0.004,6.54e-13,"Type 2 diabetes",TRUE,"reported","r923KE","textfile",2,TRUE,NA
"89","rs2032217","G","A","G","A",-0.0268,0.028193734,0.6671,NA,FALSE,FALSE,FALSE,"up5Vai",0.3229,0.028243298,"Oral and oropharyngeal cancer",TRUE,"reported","textfile",0.004,2.7e-11,"Type 2 diabetes",TRUE,"reported","r923KE","textfile",2,TRUE,NA
"90","rs2115107","G","A","G","A",-0.0357,-0.023032699,0.5948,NA,FALSE,FALSE,FALSE,"up5Vai",0.3976,0.026828003,"Oral and oropharyngeal cancer",TRUE,"reported","textfile",0.0039,2.26e-20,"Type 2 diabetes",TRUE,"reported","r923KE","textfile",2,TRUE,NA
"91","rs2169033","C","T","C","T",-0.0325,-0.039989648,0.34,NA,FALSE,FALSE,FALSE,"up5Vai",0.1775,0.029591973,"Oral and oropharyngeal cancer",TRUE,"reported","textfile",0.0041,1.42e-15,"Type 2 diabetes",TRUE,"reported","r923KE","textfile",2,TRUE,NA
"92","rs217256","C","T","C","T",0.021,-0.041813503,0.4926,NA,FALSE,FALSE,FALSE,"up5Vai",0.1142,0.026478503,"Oral and oropharyngeal cancer",TRUE,"reported","textfile",0.0037,1.36e-08,"Type 2 diabetes",TRUE,"reported","r923KE","textfile",2,TRUE,NA
"93","rs2188848","G","A","G","A",-0.0325,0.002596626,0.2109,NA,FALSE,FALSE,FALSE,"up5Vai",0.9378,0.030440317,"Oral and oropharyngeal cancer",TRUE,"reported","textfile",0.0048,1.17e-11,"Type 2 diabetes",TRUE,"reported","r923KE","textfile",2,TRUE,NA
"94","rs2237897","C","T","C","T",0.2199,0.059113264,0.7624,NA,FALSE,FALSE,FALSE,"up5Vai",0.3763,0.065932146,"Oral and oropharyngeal cancer",TRUE,"reported","textfile",0.0068,1e-200,"Type 2 diabetes",TRUE,"reported","r923KE","textfile",2,TRUE,NA
"95","rs2240716","C","T","C","T",-0.0262,0.025112701,0.7069,NA,FALSE,FALSE,FALSE,"up5Vai",0.3973,0.029232793,"Oral and oropharyngeal cancer",TRUE,"reported","textfile",0.0042,4.83e-10,"Type 2 diabetes",TRUE,"reported","r923KE","textfile",2,TRUE,NA
"96","rs2257883","G","A","G","A",-0.071,-0.009257021,0.7363,NA,FALSE,FALSE,FALSE,"up5Vai",0.7941,0.033423548,"Oral and oropharyngeal cancer",TRUE,"reported","textfile",0.0049,3.86e-47,"Type 2 diabetes",TRUE,"reported","r923KE","textfile",2,TRUE,NA
"97","rs2269247","C","T","C","T",0.0356,-0.089200645,0.8094,NA,FALSE,FALSE,FALSE,"up5Vai",0.01103,0.035109118,"Oral and oropharyngeal cancer",TRUE,"reported","textfile",0.0049,3.4e-13,"Type 2 diabetes",TRUE,"reported","r923KE","textfile",2,TRUE,NA
"98","rs2408252","C","T","C","T",-0.0264,0.030529205,0.5375,NA,FALSE,FALSE,FALSE,"up5Vai",0.2626,0.027080919,"Oral and oropharyngeal cancer",TRUE,"reported","textfile",0.0043,1.06e-09,"Type 2 diabetes",TRUE,"reported","r923KE","textfile",2,TRUE,NA
"99","rs242105","C","A","C","A",0.039,-0.049085208,0.4085,NA,FALSE,FALSE,FALSE,"up5Vai",0.1013,0.029976198,"Oral and oropharyngeal cancer",TRUE,"reported","textfile",0.0059,3.58e-11,"Type 2 diabetes",TRUE,"reported","r923KE","textfile",2,TRUE,NA
"100","rs2482506","C","G","C","G",0.0316,-0.005882663,0.2389,NA,FALSE,TRUE,TRUE,"up5Vai",0.8457,0.028219425,"Oral and oropharyngeal cancer",TRUE,"reported","textfile",0.0045,2.26e-12,"Type 2 diabetes",TRUE,"reported","r923KE","textfile",2,FALSE,NA
"101","rs2513505","A","C","A","C",0.024,-0.008637193,0.4068,NA,FALSE,FALSE,FALSE,"up5Vai",0.7491,0.025633675,"Oral and oropharyngeal cancer",TRUE,"reported","textfile",0.0038,4.1e-10,"Type 2 diabetes",TRUE,"reported","r923KE","textfile",2,TRUE,NA
"102","rs2591392","G","A","G","A",0.0306,0.027679569,0.6247,NA,FALSE,FALSE,FALSE,"up5Vai",0.3158,0.027336325,"Oral and oropharyngeal cancer",TRUE,"reported","textfile",0.0039,1.89e-15,"Type 2 diabetes",TRUE,"reported","r923KE","textfile",2,TRUE,NA
"103","rs2613499","G","A","G","A",-0.0363,0.01222497,0.199,NA,FALSE,FALSE,FALSE,"up5Vai",0.7244,0.033031279,"Oral and oropharyngeal cancer",TRUE,"reported","textfile",0.0053,1.04e-11,"Type 2 diabetes",TRUE,"reported","r923KE","textfile",2,TRUE,NA
"104","rs2662390","C","T","C","T",-0.0276,-0.056570351,0.7419,NA,FALSE,FALSE,FALSE,"up5Vai",0.136,0.037927096,"Oral and oropharyngeal cancer",TRUE,"reported","textfile",0.0048,1.03e-08,"Type 2 diabetes",TRUE,"reported","r923KE","textfile",2,TRUE,NA
"105","rs2723065","G","A","G","A",-0.0422,0.004290781,0.3817,NA,FALSE,FALSE,FALSE,"up5Vai",0.8746,0.0252338,"Oral and oropharyngeal cancer",TRUE,"reported","textfile",0.0039,7.19e-28,"Type 2 diabetes",TRUE,"reported","r923KE","textfile",2,TRUE,NA
"106","rs2725370","C","T","C","T",-0.0319,-0.029428811,0.7126,NA,FALSE,FALSE,FALSE,"up5Vai",0.3221,0.029433306,"Oral and oropharyngeal cancer",TRUE,"reported","textfile",0.0046,3.3e-12,"Type 2 diabetes",TRUE,"reported","r923KE","textfile",2,TRUE,NA
"107","rs2730827","T","C","T","C",0.0279,0.016463726,0.5145,NA,FALSE,FALSE,FALSE,"up5Vai",0.5338,0.025777306,"Oral and oropharyngeal cancer",TRUE,"reported","textfile",0.0038,2.1e-13,"Type 2 diabetes",TRUE,"reported","r923KE","textfile",2,TRUE,NA
"108","rs2796441","G","A","G","A",0.0609,-0.01064316,0.5596,NA,FALSE,FALSE,FALSE,"up5Vai",0.6983,0.026253754,"Oral and oropharyngeal cancer",TRUE,"reported","textfile",0.0039,2.92e-55,"Type 2 diabetes",TRUE,"reported","r923KE","textfile",2,TRUE,NA
"109","rs2816177","G","A","G","A",0.0224,-0.010252376,0.3994,NA,FALSE,FALSE,FALSE,"up5Vai",0.7069,0.026038888,"Oral and oropharyngeal cancer",TRUE,"reported","textfile",0.0039,6.82e-09,"Type 2 diabetes",TRUE,"reported","r923KE","textfile",2,TRUE,NA
"110","rs28408270","G","T","G","T",0.0239,-0.031498667,0.4896,NA,FALSE,FALSE,FALSE,"up5Vai",0.2384,0.026583022,"Oral and oropharyngeal cancer",TRUE,"reported","textfile",0.0039,1.07e-09,"Type 2 diabetes",TRUE,"reported","r923KE","textfile",2,TRUE,NA
"111","rs28642213","G","A","G","A",0.0822,0.025667747,0.7572,NA,FALSE,FALSE,FALSE,"up5Vai",0.4027,0.030211401,"Oral and oropharyngeal cancer",TRUE,"reported","textfile",0.0047,5.71e-68,"Type 2 diabetes",TRUE,"reported","r923KE","textfile",2,TRUE,NA
"112","rs28758542","G","A","G","A",-0.0256,0.004208845,0.3408,NA,FALSE,FALSE,FALSE,"up5Vai",0.8868,0.027369483,"Oral and oropharyngeal cancer",TRUE,"reported","textfile",0.0042,1.67e-09,"Type 2 diabetes",TRUE,"reported","r923KE","textfile",2,TRUE,NA
"113","rs2876354","C","T","C","T",0.0465,0.02040681,0.5168,NA,FALSE,FALSE,FALSE,"up5Vai",0.4463,0.026303474,"Oral and oropharyngeal cancer",TRUE,"reported","textfile",0.0038,1.43e-34,"Type 2 diabetes",TRUE,"reported","r923KE","textfile",2,TRUE,NA
"114","rs28792187","G","A","G","A",0.0414,0.009950331,0.0729,NA,FALSE,FALSE,FALSE,"up5Vai",0.8464,0.047945999,"Oral and oropharyngeal cancer",TRUE,"reported","textfile",0.0076,4.13e-08,"Type 2 diabetes",TRUE,"reported","r923KE","textfile",2,TRUE,NA
"115","rs2943650","C","T","C","T",-0.0805,-0.025960102,0.3616,NA,FALSE,FALSE,FALSE,"up5Vai",0.3456,0.027217112,"Oral and oropharyngeal cancer",TRUE,"reported","textfile",0.0042,1.9e-81,"Type 2 diabetes",TRUE,"reported","r923KE","textfile",2,TRUE,NA
"116","rs303760","C","T","C","T",-0.0334,0.038325114,0.6887,NA,FALSE,FALSE,FALSE,"up5Vai",0.1804,0.028546516,"Oral and oropharyngeal cancer",TRUE,"reported","textfile",0.0044,2.04e-14,"Type 2 diabetes",TRUE,"reported","r923KE","textfile",2,TRUE,NA
"117","rs305686","C","T","C","T",0.0294,0.019794627,0.6267,NA,FALSE,FALSE,FALSE,"up5Vai",0.5095,0.02930124,"Oral and oropharyngeal cancer",TRUE,"reported","textfile",0.0053,2.29e-08,"Type 2 diabetes",TRUE,"reported","r923KE","textfile",2,TRUE,NA
"118","rs3122231","C","T","C","T",0.0271,-0.042072776,0.6586,NA,FALSE,FALSE,FALSE,"up5Vai",0.1353,0.028157599,"Oral and oropharyngeal cancer",TRUE,"reported","textfile",0.0044,5.8e-10,"Type 2 diabetes",TRUE,"reported","r923KE","textfile",2,TRUE,NA
"119","rs3130931","C","T","C","T",0.0482,0.066353501,0.6765,NA,FALSE,FALSE,FALSE,"up5Vai",0.03222,0.031032547,"Oral and oropharyngeal cancer",TRUE,"reported","textfile",0.0041,2.34e-32,"Type 2 diabetes",TRUE,"reported","r923KE","textfile",2,TRUE,NA
"120","rs314879","C","T","C","T",0.0364,-0.009141658,0.2288,NA,FALSE,FALSE,FALSE,"up5Vai",0.7773,0.030542609,"Oral and oropharyngeal cancer",TRUE,"reported","textfile",0.0046,2.84e-15,"Type 2 diabetes",TRUE,"reported","r923KE","textfile",2,TRUE,NA
"121","rs329118","C","T","C","T",-0.0281,0.004008021,0.5849,NA,FALSE,FALSE,FALSE,"up5Vai",0.8809,0.024794836,"Oral and oropharyngeal cancer",TRUE,"reported","textfile",0.0038,2e-13,"Type 2 diabetes",TRUE,"reported","r923KE","textfile",2,TRUE,NA
"122","rs340874","C","T","C","T",0.0543,-0.010353412,0.4991,NA,FALSE,FALSE,FALSE,"up5Vai",0.7022,0.025876892,"Oral and oropharyngeal cancer",TRUE,"reported","textfile",0.0039,6.47e-45,"Type 2 diabetes",TRUE,"reported","r923KE","textfile",2,TRUE,NA
"123","rs34506349","G","A","G","A",0.0665,-0.001898197,0.9609,NA,FALSE,FALSE,FALSE,"up5Vai",0.9812,0.072879062,"Oral and oropharyngeal cancer",TRUE,"reported","textfile",0.0116,1.04e-08,"Type 2 diabetes",TRUE,"reported","r923KE","textfile",2,TRUE,NA
"124","rs34584161","G","A","G","A",-0.0565,0.022837234,0.2837,NA,FALSE,FALSE,FALSE,"up5Vai",0.4799,0.031645645,"Oral and oropharyngeal cancer",TRUE,"reported","textfile",0.0044,1.62e-37,"Type 2 diabetes",TRUE,"reported","r923KE","textfile",2,TRUE,NA
"125","rs348330","G","A","G","A",0.0497,-0.039989648,0.4544,NA,FALSE,FALSE,FALSE,"up5Vai",0.1872,0.030242899,"Oral and oropharyngeal cancer",TRUE,"reported","textfile",0.0054,2.81e-20,"Type 2 diabetes",TRUE,"reported","r923KE","textfile",2,TRUE,NA
"126","rs35011184","G","A","G","A",-0.2508,0.063472423,0.7797,NA,FALSE,FALSE,FALSE,"up5Vai",0.04862,0.032243207,"Oral and oropharyngeal cancer",TRUE,"reported","textfile",0.005,1e-200,"Type 2 diabetes",TRUE,"reported","r923KE","textfile",2,TRUE,NA
"127","rs35753840","C","A","C","A",0.0254,-0.044265416,0.34,NA,FALSE,FALSE,FALSE,"up5Vai",0.1126,0.027908574,"Oral and oropharyngeal cancer",TRUE,"reported","textfile",0.0042,9.65e-10,"Type 2 diabetes",TRUE,"reported","r923KE","textfile",2,TRUE,NA
"128","rs35895680","C","A","C","A",0.0499,0.027782381,0.7066,NA,FALSE,FALSE,FALSE,"up5Vai",0.3417,0.028900469,"Oral and oropharyngeal cancer",TRUE,"reported","textfile",0.0047,8.41e-27,"Type 2 diabetes",TRUE,"reported","r923KE","textfile",2,TRUE,NA
"129","rs3744347","G","A","G","A",-0.0301,-0.062317306,0.253,NA,FALSE,FALSE,FALSE,"up5Vai",0.04812,0.031586042,"Oral and oropharyngeal cancer",TRUE,"reported","textfile",0.0046,4.76e-11,"Type 2 diabetes",TRUE,"reported","r923KE","textfile",2,TRUE,NA
"130","rs3747207","G","A","G","A",-0.0412,0.064965279,0.7178,NA,FALSE,FALSE,FALSE,"up5Vai",0.05337,0.03368367,"Oral and oropharyngeal cancer",TRUE,"reported","textfile",0.0044,3.69e-21,"Type 2 diabetes",TRUE,"reported","r923KE","textfile",2,TRUE,NA
"131","rs3751239","G","C","G","C",-0.0687,0.035560175,0.2193,NA,FALSE,TRUE,TRUE,"up5Vai",0.3185,0.035309849,"Oral and oropharyngeal cancer",TRUE,"reported","textfile",0.0047,1.95e-47,"Type 2 diabetes",TRUE,"reported","r923KE","textfile",2,FALSE,NA
"132","rs3753693","C","T","C","T",0.0255,0.065605757,0.549,NA,FALSE,FALSE,FALSE,"up5Vai",0.01805,0.027775611,"Oral and oropharyngeal cancer",TRUE,"reported","textfile",0.004,1.11e-10,"Type 2 diabetes",TRUE,"reported","r923KE","textfile",2,TRUE,NA
"133","rs3798519","C","A","C","A",0.0474,-0.016535969,0.2086,NA,FALSE,FALSE,FALSE,"up5Vai",0.633,0.033384534,"Oral and oropharyngeal cancer",TRUE,"reported","textfile",0.0047,5.6e-24,"Type 2 diabetes",TRUE,"reported","r923KE","textfile",2,TRUE,NA
"134","rs3828242","G","A","G","A",-0.0252,-0.032833157,0.2696,NA,FALSE,FALSE,FALSE,"up5Vai",0.2781,0.030056698,"Oral and oropharyngeal cancer",TRUE,"reported","textfile",0.0043,6.5e-09,"Type 2 diabetes",TRUE,"reported","r923KE","textfile",2,TRUE,NA
"135","rs3872707","G","A","G","A",-0.037,-0.052971885,0.844,NA,FALSE,FALSE,FALSE,"up5Vai",0.1774,0.039189834,"Oral and oropharyngeal cancer",TRUE,"reported","textfile",0.0054,9.76e-12,"Type 2 diabetes",TRUE,"reported","r923KE","textfile",2,TRUE,NA
"136","rs3887059","G","A","G","A",-0.0295,0.06049338,0.7364,NA,FALSE,FALSE,FALSE,"up5Vai",0.05158,0.031128514,"Oral and oropharyngeal cancer",TRUE,"reported","textfile",0.0043,5.12e-12,"Type 2 diabetes",TRUE,"reported","r923KE","textfile",2,TRUE,NA
"137","rs410150","C","T","C","T",0.0289,0.033039854,0.2139,NA,FALSE,FALSE,FALSE,"up5Vai",0.3035,0.03183461,"Oral and oropharyngeal cancer",TRUE,"reported","textfile",0.0048,1.23e-09,"Type 2 diabetes",TRUE,"reported","r923KE","textfile",2,TRUE,NA
"138","rs4129858","G","A","G","A",0.0223,-0.031697087,0.4167,NA,FALSE,FALSE,FALSE,"up5Vai",0.3247,0.031867588,"Oral and oropharyngeal cancer",TRUE,"reported","textfile",0.0038,4.38e-09,"Type 2 diabetes",TRUE,"reported","r923KE","textfile",2,TRUE,NA
"139","rs41304257","G","A","G","A",-0.0318,0.037777364,0.2441,NA,FALSE,FALSE,FALSE,"up5Vai",0.2072,0.029847241,"Oral and oropharyngeal cancer",TRUE,"reported","textfile",0.0047,8.48e-12,"Type 2 diabetes",TRUE,"reported","r923KE","textfile",2,TRUE,NA
"140","rs4252505","G","A","G","A",0.0413,0.074829141,0.1846,NA,FALSE,FALSE,FALSE,"up5Vai",0.1468,0.051528161,"Oral and oropharyngeal cancer",TRUE,"reported","textfile",0.007,4.52e-09,"Type 2 diabetes",TRUE,"reported","r923KE","textfile",2,TRUE,NA
"141","rs429358","C","T","C","T",-0.0585,-0.076665085,0.1469,NA,FALSE,FALSE,FALSE,"up5Vai",0.05188,0.039500634,"Oral and oropharyngeal cancer",TRUE,"reported","textfile",0.0055,1.9e-26,"Type 2 diabetes",TRUE,"reported","r923KE","textfile",2,TRUE,NA
"142","rs4343858","G","A","G","A",0.0295,0.048035449,0.7216,NA,FALSE,FALSE,FALSE,"up5Vai",0.1491,0.03326301,"Oral and oropharyngeal cancer",TRUE,"reported","textfile",0.0045,5.38e-11,"Type 2 diabetes",TRUE,"reported","r923KE","textfile",2,TRUE,NA
"143","rs4440243","C","T","C","T",-0.0246,0.019998647,0.4217,NA,FALSE,FALSE,FALSE,"up5Vai",0.4681,0.027009157,"Oral and oropharyngeal cancer",TRUE,"reported","textfile",0.0043,9.95e-09,"Type 2 diabetes",TRUE,"reported","r923KE","textfile",2,TRUE,NA
"144","rs4482463","C","A","C","A",0.0316,0.044892769,0.2443,NA,FALSE,FALSE,FALSE,"up5Vai",0.3381,0.046363347,"Oral and oropharyngeal cancer",TRUE,"reported","textfile",0.0056,1.82e-08,"Type 2 diabetes",TRUE,"reported","r923KE","textfile",2,TRUE,NA
"145","rs464605","C","T","C","T",-0.07,0.022450129,0.3465,NA,FALSE,FALSE,FALSE,"up5Vai",0.4524,0.02931483,"Oral and oropharyngeal cancer",TRUE,"reported","textfile",0.0041,8.04e-66,"Type 2 diabetes",TRUE,"reported","r923KE","textfile",2,TRUE,NA
"146","rs4671799","G","A","G","A",-0.0262,-0.065178726,0.6669,NA,FALSE,FALSE,FALSE,"up5Vai",0.0268,0.029478003,"Oral and oropharyngeal cancer",TRUE,"reported","textfile",0.004,5.29e-11,"Type 2 diabetes",TRUE,"reported","r923KE","textfile",2,TRUE,NA
"147","rs4673712","C","T","C","T",-0.0269,-0.040093094,0.2897,NA,FALSE,FALSE,FALSE,"up5Vai",0.1719,0.029292624,"Oral and oropharyngeal cancer",TRUE,"reported","textfile",0.0045,1.65e-09,"Type 2 diabetes",TRUE,"reported","r923KE","textfile",2,TRUE,NA
"148","rs4709746","C","T","C","T",0.0565,-0.027906953,0.866,NA,FALSE,FALSE,FALSE,"up5Vai",0.4853,0.039132552,"Oral and oropharyngeal cancer",TRUE,"reported","textfile",0.0059,1.52e-21,"Type 2 diabetes",TRUE,"reported","r923KE","textfile",2,TRUE,NA
"149","rs4777857","G","A","G","A",0.0255,-0.004390348,0.4391,NA,FALSE,FALSE,FALSE,"up5Vai",0.8821,0.027431504,"Oral and oropharyngeal cancer",TRUE,"reported","textfile",0.0039,4.81e-11,"Type 2 diabetes",TRUE,"reported","r923KE","textfile",2,TRUE,NA
"150","rs4805881","C","A","C","A",-0.0379,0.043442558,0.6207,NA,FALSE,FALSE,FALSE,"up5Vai",0.1252,0.028330127,"Oral and oropharyngeal cancer",TRUE,"reported","textfile",0.0039,8.44e-22,"Type 2 diabetes",TRUE,"reported","r923KE","textfile",2,TRUE,NA
"151","rs4810145","C","T","C","T",0.0303,0.013607003,0.5221,NA,FALSE,FALSE,FALSE,"up5Vai",0.6153,0.02615699,"Oral and oropharyngeal cancer",TRUE,"reported","textfile",0.0038,1.05e-15,"Type 2 diabetes",TRUE,"reported","r923KE","textfile",2,TRUE,NA
"152","rs4832290","C","T","C","T",-0.0267,0.046692728,0.7645,NA,FALSE,FALSE,FALSE,"up5Vai",0.1455,0.032051253,"Oral and oropharyngeal cancer",TRUE,"reported","textfile",0.0049,3.94e-08,"Type 2 diabetes",TRUE,"reported","r923KE","textfile",2,TRUE,NA
"153","rs4833687","C","T","C","T",-0.0267,0.083381609,0.7415,NA,FALSE,FALSE,FALSE,"up5Vai",0.00631,0.030514274,"Oral and oropharyngeal cancer",TRUE,"reported","textfile",0.0045,2.76e-09,"Type 2 diabetes",TRUE,"reported","r923KE","textfile",2,TRUE,NA
"154","rs4834232","C","T","C","T",-0.0272,0.022450129,0.787,NA,FALSE,FALSE,FALSE,"up5Vai",0.4808,0.031170684,"Oral and oropharyngeal cancer",TRUE,"reported","textfile",0.0047,9.42e-09,"Type 2 diabetes",TRUE,"reported","r923KE","textfile",2,TRUE,NA
"155","rs4865796","G","A","G","A",-0.0481,0.003706862,0.2906,NA,FALSE,FALSE,FALSE,"up5Vai",0.8985,0.026832477,"Oral and oropharyngeal cancer",TRUE,"reported","textfile",0.0042,5.43e-30,"Type 2 diabetes",TRUE,"reported","r923KE","textfile",2,TRUE,NA
"156","rs4902002","G","A","G","A",0.0246,0.009848336,0.3474,NA,FALSE,FALSE,FALSE,"up5Vai",0.7369,0.027875457,"Oral and oropharyngeal cancer",TRUE,"reported","textfile",0.0041,1.37e-09,"Type 2 diabetes",TRUE,"reported","r923KE","textfile",2,TRUE,NA
"157","rs4906272","C","T","C","T",-0.0299,-0.027420596,0.7332,NA,FALSE,FALSE,FALSE,"up5Vai",0.4603,0.03641539,"Oral and oropharyngeal cancer",TRUE,"reported","textfile",0.0046,5.21e-11,"Type 2 diabetes",TRUE,"reported","r923KE","textfile",2,TRUE,NA
"158","rs4923864","G","A","G","A",0.0568,0.017451394,0.6905,NA,FALSE,FALSE,FALSE,"up5Vai",0.7292,0.047990466,"Oral and oropharyngeal cancer",TRUE,"reported","textfile",0.0061,1.69e-20,"Type 2 diabetes",TRUE,"reported","r923KE","textfile",2,TRUE,NA
"159","rs4929965","G","A","G","A",-0.0676,-0.025420377,0.6147,NA,FALSE,FALSE,FALSE,"up5Vai",0.3544,0.027126818,"Oral and oropharyngeal cancer",TRUE,"reported","textfile",0.0042,5.07e-57,"Type 2 diabetes",TRUE,"reported","r923KE","textfile",2,TRUE,NA
"160","rs501470","G","T","G","T",-0.032,0.033556784,0.4559,NA,FALSE,FALSE,FALSE,"up5Vai",0.3295,0.034063484,"Oral and oropharyngeal cancer",TRUE,"reported","textfile",0.0038,1.62e-17,"Type 2 diabetes",TRUE,"reported","r923KE","textfile",2,TRUE,NA
"161","rs529565","C","T","C","T",0.0415,-0.036560255,0.3648,NA,FALSE,FALSE,FALSE,"up5Vai",0.1875,0.0276678,"Oral and oropharyngeal cancer",TRUE,"reported","textfile",0.0039,8.04e-27,"Type 2 diabetes",TRUE,"reported","r923KE","textfile",2,TRUE,NA
"162","rs529623","C","T","C","T",-0.0224,0.00548493,0.4961,NA,FALSE,FALSE,FALSE,"up5Vai",0.8404,0.025452397,"Oral and oropharyngeal cancer",TRUE,"reported","textfile",0.0038,4.26e-09,"Type 2 diabetes",TRUE,"reported","r923KE","textfile",2,TRUE,NA
"163","rs539515","C","A","C","A",0.0358,-0.004108428,0.2066,NA,FALSE,FALSE,FALSE,"up5Vai",0.902,0.030782833,"Oral and oropharyngeal cancer",TRUE,"reported","textfile",0.0046,5.4e-15,"Type 2 diabetes",TRUE,"reported","r923KE","textfile",2,TRUE,NA
"164","rs55691245","G","A","G","A",0.0561,-0.0329511,0.8671,NA,FALSE,FALSE,FALSE,"up5Vai",0.3898,0.037774169,"Oral and oropharyngeal cancer",TRUE,"reported","textfile",0.0064,1.77e-18,"Type 2 diabetes",TRUE,"reported","r923KE","textfile",2,TRUE,NA
"165","rs55857387","C","T","C","T",-0.0441,0.067097744,0.2537,NA,FALSE,FALSE,FALSE,"up5Vai",0.04874,0.034102963,"Oral and oropharyngeal cancer",TRUE,"reported","textfile",0.0046,1.74e-21,"Type 2 diabetes",TRUE,"reported","r923KE","textfile",2,TRUE,NA
"166","rs56243018","C","A","C","A",-0.0833,0.017839918,0.046,NA,FALSE,FALSE,FALSE,"up5Vai",0.7925,0.063922289,"Oral and oropharyngeal cancer",TRUE,"reported","textfile",0.0104,8.89e-16,"Type 2 diabetes",TRUE,"reported","r923KE","textfile",2,TRUE,NA
"167","rs56348580","G","C","G","C",0.0507,0.01399751,0.7058,NA,FALSE,TRUE,TRUE,"up5Vai",0.6307,0.028077117,"Oral and oropharyngeal cancer",TRUE,"reported","textfile",0.0047,1.48e-27,"Type 2 diabetes",TRUE,"reported","r923KE","textfile",2,FALSE,NA
"168","rs56392746","G","A","G","A",0.0579,0.018163971,0.9169,NA,FALSE,FALSE,FALSE,"up5Vai",0.7068,0.04611682,"Oral and oropharyngeal cancer",TRUE,"reported","textfile",0.0076,3.45e-14,"Type 2 diabetes",TRUE,"reported","r923KE","textfile",2,TRUE,NA
"169","rs57767539","G","A","G","A",-0.0622,0.034591445,0.9362,NA,FALSE,FALSE,FALSE,"up5Vai",0.6092,0.065409714,"Oral and oropharyngeal cancer",TRUE,"reported","textfile",0.0091,7.24e-12,"Type 2 diabetes",TRUE,"reported","r923KE","textfile",2,TRUE,NA
"170","rs58542926","C","T","C","T",-0.0721,-0.084616846,0.9258,NA,FALSE,FALSE,FALSE,"up5Vai",0.1143,0.053598453,"Oral and oropharyngeal cancer",TRUE,"reported","textfile",0.0072,1.62e-23,"Type 2 diabetes",TRUE,"reported","r923KE","textfile",2,TRUE,NA
"171","rs59489841","C","T","C","T",0.0235,-0.000899595,0.7015,NA,FALSE,FALSE,FALSE,"up5Vai",0.9766,0.027779253,"Oral and oropharyngeal cancer",TRUE,"reported","textfile",0.0042,3.15e-08,"Type 2 diabetes",TRUE,"reported","r923KE","textfile",2,TRUE,NA
"172","rs59646751","G","T","G","T",-0.0241,0.025728149,0.6929,NA,FALSE,FALSE,FALSE,"up5Vai",0.3722,0.028458784,"Oral and oropharyngeal cancer",TRUE,"reported","textfile",0.0041,3.36e-09,"Type 2 diabetes",TRUE,"reported","r923KE","textfile",2,TRUE,NA
"173","rs6011155","C","T","C","T",-0.0284,-0.11272087,0.4137,NA,FALSE,FALSE,FALSE,"up5Vai",3.93e-05,0.027153315,"Oral and oropharyngeal cancer",TRUE,"reported","textfile",0.0039,5.85e-13,"Type 2 diabetes",TRUE,"reported","r923KE","textfile",2,TRUE,NA
"174","rs6021276","C","T","C","T",-0.0283,0.008563231,0.6262,NA,FALSE,FALSE,FALSE,"up5Vai",0.764,0.027010248,"Oral and oropharyngeal cancer",TRUE,"reported","textfile",0.004,2.24e-12,"Type 2 diabetes",TRUE,"reported","r923KE","textfile",2,TRUE,NA
"175","rs60251368","G","A","G","A",0.0549,0.076868444,0.0681,NA,FALSE,FALSE,FALSE,"up5Vai",0.2228,0.062786708,"Oral and oropharyngeal cancer",TRUE,"reported","textfile",0.0078,2.18e-12,"Type 2 diabetes",TRUE,"reported","r923KE","textfile",2,TRUE,NA
"176","rs60384372","G","A","G","A",-0.0352,-0.056252942,0.4504,NA,FALSE,FALSE,FALSE,"up5Vai",0.04993,0.028740968,"Oral and oropharyngeal cancer",TRUE,"reported","textfile",0.0042,4.32e-17,"Type 2 diabetes",TRUE,"reported","r923KE","textfile",2,TRUE,NA
"177","rs6059662","G","A","G","A",0.0369,-0.026252371,0.6963,NA,FALSE,FALSE,FALSE,"up5Vai",0.38,0.029501133,"Oral and oropharyngeal cancer",TRUE,"reported","textfile",0.0043,2.07e-17,"Type 2 diabetes",TRUE,"reported","r923KE","textfile",2,TRUE,NA
"178","rs6066138","G","A","G","A",0.042,-0.0303352,0.7376,NA,FALSE,FALSE,FALSE,"up5Vai",0.3219,0.030327672,"Oral and oropharyngeal cancer",TRUE,"reported","textfile",0.0047,6.3e-19,"Type 2 diabetes",TRUE,"reported","r923KE","textfile",2,TRUE,NA
"179","rs6137042","G","A","G","A",0.0263,-0.028781801,0.697,NA,FALSE,FALSE,FALSE,"up5Vai",0.3758,0.032069365,"Oral and oropharyngeal cancer",TRUE,"reported","textfile",0.0047,2.33e-08,"Type 2 diabetes",TRUE,"reported","r923KE","textfile",2,TRUE,NA
"180","rs61779284","G","A","G","A",-0.0703,-0.019018006,0.7976,NA,FALSE,FALSE,FALSE,"up5Vai",0.5741,0.032834042,"Oral and oropharyngeal cancer",TRUE,"reported","textfile",0.0048,1.42e-48,"Type 2 diabetes",TRUE,"reported","r923KE","textfile",2,TRUE,NA
"181","rs61817176","C","A","C","A",-0.0263,0.058080211,0.4527,NA,FALSE,FALSE,FALSE,"up5Vai",0.03123,0.027005662,"Oral and oropharyngeal cancer",TRUE,"reported","textfile",0.004,3.59e-11,"Type 2 diabetes",TRUE,"reported","r923KE","textfile",2,TRUE,NA
"182","rs61967710","G","A","G","A",-0.0554,-0.050978245,0.9413,NA,FALSE,FALSE,FALSE,"up5Vai",0.5574,0.084452812,"Oral and oropharyngeal cancer",TRUE,"reported","textfile",0.0099,2.52e-08,"Type 2 diabetes",TRUE,"reported","r923KE","textfile",2,TRUE,NA
"183","rs62618693","C","T","C","T",0.0819,0.039676817,0.9582,NA,FALSE,FALSE,FALSE,"up5Vai",0.5742,0.068518073,"Oral and oropharyngeal cancer",TRUE,"reported","textfile",0.0111,1.41e-13,"Type 2 diabetes",TRUE,"reported","r923KE","textfile",2,TRUE,NA
"184","rs6538805","C","T","C","T",-0.0303,0.031014054,0.4736,NA,FALSE,FALSE,FALSE,"up5Vai",0.2575,0.027225664,"Oral and oropharyngeal cancer",TRUE,"reported","textfile",0.0039,1.45e-14,"Type 2 diabetes",TRUE,"reported","r923KE","textfile",2,TRUE,NA
"185","rs6549112","G","T","G","T",-0.0268,0.031983046,0.3328,NA,FALSE,FALSE,FALSE,"up5Vai",0.2578,0.028093544,"Oral and oropharyngeal cancer",TRUE,"reported","textfile",0.004,1.59e-11,"Type 2 diabetes",TRUE,"reported","r923KE","textfile",2,TRUE,NA
"186","rs6565922","C","T","C","T",-0.0279,0.044788183,0.5752,NA,FALSE,FALSE,FALSE,"up5Vai",0.09968,0.027223325,"Oral and oropharyngeal cancer",TRUE,"reported","textfile",0.0039,6.18e-13,"Type 2 diabetes",TRUE,"reported","r923KE","textfile",2,TRUE,NA
"187","rs6567160","C","T","C","T",0.0539,-0.022041131,0.2362,NA,FALSE,FALSE,FALSE,"up5Vai",0.4881,0.031098914,"Oral and oropharyngeal cancer",TRUE,"reported","textfile",0.0044,7.51e-34,"Type 2 diabetes",TRUE,"reported","r923KE","textfile",2,TRUE,NA
"188","rs667920","G","T","G","T",-0.0324,-0.002197584,0.2332,NA,FALSE,FALSE,FALSE,"up5Vai",0.9454,0.029299285,"Oral and oropharyngeal cancer",TRUE,"reported","textfile",0.0045,5.83e-13,"Type 2 diabetes",TRUE,"reported","r923KE","textfile",2,TRUE,NA
"189","rs6712905","C","T","C","T",0.0279,-0.03759803,0.3181,NA,FALSE,FALSE,FALSE,"up5Vai",0.1999,0.02923966,"Oral and oropharyngeal cancer",TRUE,"reported","textfile",0.0042,2.07e-11,"Type 2 diabetes",TRUE,"reported","r923KE","textfile",2,TRUE,NA
"190","rs6714523","G","A","G","A",-0.0401,0.040613683,0.8807,NA,FALSE,FALSE,FALSE,"up5Vai",0.3261,0.0409469,"Oral and oropharyngeal cancer",TRUE,"reported","textfile",0.0061,6.29e-11,"Type 2 diabetes",TRUE,"reported","r923KE","textfile",2,TRUE,NA
"191","rs6716394","G","A","G","A",0.0275,0.011465478,0.4844,NA,FALSE,FALSE,FALSE,"up5Vai",0.6716,0.025949045,"Oral and oropharyngeal cancer",TRUE,"reported","textfile",0.0037,1.46e-13,"Type 2 diabetes",TRUE,"reported","r923KE","textfile",2,TRUE,NA
"192","rs67269808","G","A","G","A",-0.0731,0.043442558,0.0722,NA,FALSE,FALSE,FALSE,"up5Vai",0.4548,0.05701746,"Oral and oropharyngeal cancer",TRUE,"reported","textfile",0.0078,1.03e-20,"Type 2 diabetes",TRUE,"reported","r923KE","textfile",2,TRUE,NA
"193","rs6741676","G","A","G","A",-0.0324,0.026252371,0.3067,NA,FALSE,FALSE,FALSE,"up5Vai",0.3629,0.028498367,"Oral and oropharyngeal cancer",TRUE,"reported","textfile",0.0042,6.52e-15,"Type 2 diabetes",TRUE,"reported","r923KE","textfile",2,TRUE,NA
"194","rs6777684","G","A","G","A",0.0548,-0.009141658,0.6279,NA,FALSE,FALSE,FALSE,"up5Vai",0.7409,0.026274291,"Oral and oropharyngeal cancer",TRUE,"reported","textfile",0.0044,1.54e-35,"Type 2 diabetes",TRUE,"reported","r923KE","textfile",2,TRUE,NA
"195","rs6792892","C","T","C","T",0.0306,0.029752958,0.4822,NA,FALSE,FALSE,FALSE,"up5Vai",0.267,0.026630123,"Oral and oropharyngeal cancer",TRUE,"reported","textfile",0.004,1.36e-14,"Type 2 diabetes",TRUE,"reported","r923KE","textfile",2,TRUE,NA
"196","rs6813195","C","T","C","T",0.0463,-0.048694922,0.6486,NA,FALSE,FALSE,FALSE,"up5Vai",0.1055,0.030098365,"Oral and oropharyngeal cancer",TRUE,"reported","textfile",0.004,7.65e-31,"Type 2 diabetes",TRUE,"reported","r923KE","textfile",2,TRUE,NA
"197","rs6870983","C","T","C","T",0.0287,0.023575737,0.7415,NA,FALSE,FALSE,FALSE,"up5Vai",0.4412,0.03006208,"Oral and oropharyngeal cancer",TRUE,"reported","textfile",0.0049,6.32e-09,"Type 2 diabetes",TRUE,"reported","r923KE","textfile",2,TRUE,NA
"198","rs6885157","G","T","G","T",0.0372,-0.016562088,0.7828,NA,FALSE,FALSE,FALSE,"up5Vai",0.6862,0.039259078,"Oral and oropharyngeal cancer",TRUE,"reported","textfile",0.0068,4.71e-08,"Type 2 diabetes",TRUE,"reported","r923KE","textfile",2,TRUE,NA
"199","rs6946660","C","T","C","T",-0.0472,0.01400152,0.4145,NA,FALSE,FALSE,FALSE,"up5Vai",0.6188,0.027173499,"Oral and oropharyngeal cancer",TRUE,"reported","textfile",0.0039,3.32e-33,"Type 2 diabetes",TRUE,"reported","r923KE","textfile",2,TRUE,NA
"200","rs6956980","C","T","C","T",0.0284,-0.010353412,0.4669,NA,FALSE,FALSE,FALSE,"up5Vai",0.6972,0.025445236,"Oral and oropharyngeal cancer",TRUE,"reported","textfile",0.0038,9.55e-14,"Type 2 diabetes",TRUE,"reported","r923KE","textfile",2,TRUE,NA
"201","rs697239","C","T","C","T",-0.0587,0.029364609,0.4453,NA,FALSE,FALSE,FALSE,"up5Vai",0.2737,0.026642826,"Oral and oropharyngeal cancer",TRUE,"reported","textfile",0.0038,4.77e-54,"Type 2 diabetes",TRUE,"reported","r923KE","textfile",2,TRUE,NA
"202","rs6975279","C","A","C","A",-0.0431,0.018775155,0.7117,NA,FALSE,FALSE,FALSE,"up5Vai",0.5299,0.029128969,"Oral and oropharyngeal cancer",TRUE,"reported","textfile",0.0042,4.09e-25,"Type 2 diabetes",TRUE,"reported","r923KE","textfile",2,TRUE,NA
"203","rs6976111","C","A","C","A",-0.0258,-0.057891478,0.7218,NA,FALSE,FALSE,FALSE,"up5Vai",0.05511,0.030233145,"Oral and oropharyngeal cancer",TRUE,"reported","textfile",0.0046,1.51e-08,"Type 2 diabetes",TRUE,"reported","r923KE","textfile",2,TRUE,NA
"204","rs7029718","G","A","G","A",-0.0273,0.042385716,0.596,NA,FALSE,FALSE,FALSE,"up5Vai",0.1238,0.027539711,"Oral and oropharyngeal cancer",TRUE,"reported","textfile",0.0039,1.47e-12,"Type 2 diabetes",TRUE,"reported","r923KE","textfile",2,TRUE,NA
"205","rs7132908","A","G","A","G",0.0297,-0.058264908,0.6431,NA,FALSE,FALSE,FALSE,"up5Vai",0.04122,0.028591795,"Oral and oropharyngeal cancer",TRUE,"reported","textfile",0.004,7.44e-14,"Type 2 diabetes",TRUE,"reported","r923KE","textfile",2,TRUE,NA
"206","rs7147483","C","T","C","T",-0.0352,0.046406373,0.3364,NA,FALSE,FALSE,FALSE,"up5Vai",0.1206,0.029898111,"Oral and oropharyngeal cancer",TRUE,"reported","textfile",0.0041,9.41e-18,"Type 2 diabetes",TRUE,"reported","r923KE","textfile",2,TRUE,NA
"207","rs71495046","C","A","C","A",0.0399,-0.045415864,0.121,NA,FALSE,FALSE,FALSE,"up5Vai",0.3572,0.048738439,"Oral and oropharyngeal cancer",TRUE,"reported","textfile",0.0063,1.86e-10,"Type 2 diabetes",TRUE,"reported","r923KE","textfile",2,TRUE,NA
"208","rs7156625","G","A","G","A",-0.053,-0.002397125,0.7662,NA,FALSE,FALSE,FALSE,"up5Vai",0.9405,0.029359535,"Oral and oropharyngeal cancer",TRUE,"reported","textfile",0.0049,5.35e-27,"Type 2 diabetes",TRUE,"reported","r923KE","textfile",2,TRUE,NA
"209","rs7163757","C","T","C","T",0.043,0.02809088,0.5556,NA,FALSE,FALSE,FALSE,"up5Vai",0.29,0.026340995,"Oral and oropharyngeal cancer",TRUE,"reported","textfile",0.0038,6.08e-30,"Type 2 diabetes",TRUE,"reported","r923KE","textfile",2,TRUE,NA
"210","rs7178762","C","T","C","T",0.0323,0.007226045,0.4889,NA,FALSE,FALSE,FALSE,"up5Vai",0.7928,0.02592872,"Oral and oropharyngeal cancer",TRUE,"reported","textfile",0.0041,1.79e-15,"Type 2 diabetes",TRUE,"reported","r923KE","textfile",2,TRUE,NA
"211","rs7224711","C","T","C","T",0.0307,0.047825629,0.5196,NA,FALSE,FALSE,FALSE,"up5Vai",0.07535,0.026929519,"Oral and oropharyngeal cancer",TRUE,"reported","textfile",0.0038,1.23e-15,"Type 2 diabetes",TRUE,"reported","r923KE","textfile",2,TRUE,NA
"212","rs7227272","G","A","G","A",0.0408,0.011060947,0.8229,NA,FALSE,FALSE,FALSE,"up5Vai",0.8049,0.04211859,"Oral and oropharyngeal cancer",TRUE,"reported","textfile",0.0056,4.69e-13,"Type 2 diabetes",TRUE,"reported","r923KE","textfile",2,TRUE,NA
"213","rs723355","G","A","G","A",0.0237,0.017654935,0.5624,NA,FALSE,FALSE,FALSE,"up5Vai",0.5532,0.028951065,"Oral and oropharyngeal cancer",TRUE,"reported","textfile",0.0039,1.99e-09,"Type 2 diabetes",TRUE,"reported","r923KE","textfile",2,TRUE,NA
"214","rs7240767","C","T","C","T",0.034,-0.049820695,0.4776,NA,FALSE,FALSE,FALSE,"up5Vai",0.07994,0.028487322,"Oral and oropharyngeal cancer",TRUE,"reported","textfile",0.0051,2.05e-11,"Type 2 diabetes",TRUE,"reported","r923KE","textfile",2,TRUE,NA
"215","rs7274134","C","T","C","T",0.0247,0.005615739,0.6695,NA,FALSE,FALSE,FALSE,"up5Vai",0.8509,0.027861923,"Oral and oropharyngeal cancer",TRUE,"reported","textfile",0.0041,2.28e-09,"Type 2 diabetes",TRUE,"reported","r923KE","textfile",2,TRUE,NA
"216","rs72802365","G","C","G","C",0.1074,-0.024985253,0.928,NA,FALSE,TRUE,TRUE,"up5Vai",0.6264,0.049518047,"Oral and oropharyngeal cancer",TRUE,"reported","textfile",0.008,1.1e-40,"Type 2 diabetes",TRUE,"reported","r923KE","textfile",2,FALSE,NA
"217","rs730497","G","A","G","A",-0.0552,0.004008021,0.8275,NA,FALSE,FALSE,FALSE,"up5Vai",0.9116,0.033234427,"Oral and oropharyngeal cancer",TRUE,"reported","textfile",0.005,9.31e-29,"Type 2 diabetes",TRUE,"reported","r923KE","textfile",2,TRUE,NA
"218","rs730831","G","T","G","T",-0.0878,0.032563991,0.1945,NA,FALSE,FALSE,FALSE,"up5Vai",0.5846,0.057735522,"Oral and oropharyngeal cancer",TRUE,"reported","textfile",0.0072,4.81e-34,"Type 2 diabetes",TRUE,"reported","r923KE","textfile",2,TRUE,NA
"219","rs73121277","C","T","C","T",0.026,-0.06240746,0.2966,NA,FALSE,FALSE,FALSE,"up5Vai",0.03569,0.029761375,"Oral and oropharyngeal cancer",TRUE,"reported","textfile",0.0042,7.4e-10,"Type 2 diabetes",TRUE,"reported","r923KE","textfile",2,TRUE,NA
"220","rs73184014","G","A","G","A",-0.0298,-0.024395157,0.2094,NA,FALSE,FALSE,FALSE,"up5Vai",0.4635,0.032621253,"Oral and oropharyngeal cancer",TRUE,"reported","textfile",0.0052,1.17e-08,"Type 2 diabetes",TRUE,"reported","r923KE","textfile",2,TRUE,NA
"221","rs7483027","C","T","C","T",-0.0267,-0.069778895,0.3277,NA,FALSE,FALSE,FALSE,"up5Vai",0.01297,0.028103274,"Oral and oropharyngeal cancer",TRUE,"reported","textfile",0.0041,5.61e-11,"Type 2 diabetes",TRUE,"reported","r923KE","textfile",2,TRUE,NA
"222","rs75080135","C","A","C","A",-0.0357,-0.035109177,0.2074,NA,FALSE,FALSE,FALSE,"up5Vai",0.2943,0.033208464,"Oral and oropharyngeal cancer",TRUE,"reported","textfile",0.0049,2.4e-13,"Type 2 diabetes",TRUE,"reported","r923KE","textfile",2,TRUE,NA
"223","rs75307421","G","A","G","A",-0.0737,0.095630231,0.9687,NA,FALSE,FALSE,FALSE,"up5Vai",0.2574,0.083931738,"Oral and oropharyngeal cancer",TRUE,"reported","textfile",0.0132,2.6e-08,"Type 2 diabetes",TRUE,"reported","r923KE","textfile",2,TRUE,NA
"224","rs75432112","G","A","G","A",-0.1319,0.007830579,0.9536,NA,FALSE,FALSE,FALSE,"up5Vai",0.9179,0.069830417,"Oral and oropharyngeal cancer",TRUE,"reported","textfile",0.0104,6.41e-37,"Type 2 diabetes",TRUE,"reported","r923KE","textfile",2,TRUE,NA
"225","rs7546252","G","A","G","A",-0.0262,0.02391182,0.5727,NA,FALSE,FALSE,FALSE,"up5Vai",0.3794,0.026838247,"Oral and oropharyngeal cancer",TRUE,"reported","textfile",0.0041,2e-10,"Type 2 diabetes",TRUE,"reported","r923KE","textfile",2,TRUE,NA
"226","rs7554251","C","T","C","T",0.0297,-0.004811557,0.7016,NA,FALSE,FALSE,FALSE,"up5Vai",0.8715,0.027625905,"Oral and oropharyngeal cancer",TRUE,"reported","textfile",0.0045,2.86e-11,"Type 2 diabetes",TRUE,"reported","r923KE","textfile",2,TRUE,NA
"227","rs75619936","G","C","G","C",0.0314,-0.043325125,0.1329,NA,FALSE,TRUE,TRUE,"up5Vai",0.3211,0.043244964,"Oral and oropharyngeal cancer",TRUE,"reported","textfile",0.0056,2.42e-08,"Type 2 diabetes",TRUE,"reported","r923KE","textfile",2,FALSE,NA
"228","rs757110","C","A","C","A",0.0599,-0.060812139,0.3704,NA,FALSE,FALSE,FALSE,"up5Vai",0.0315,0.028321186,"Oral and oropharyngeal cancer",TRUE,"reported","textfile",0.0039,4.59e-52,"Type 2 diabetes",TRUE,"reported","r923KE","textfile",2,TRUE,NA
"229","rs7633673","G","A","G","A",0.0306,0.031181117,0.5904,NA,FALSE,FALSE,FALSE,"up5Vai",0.2495,0.026926328,"Oral and oropharyngeal cancer",TRUE,"reported","textfile",0.0038,8.21e-16,"Type 2 diabetes",TRUE,"reported","r923KE","textfile",2,TRUE,NA
"230","rs7659468","G","T","G","T",-0.0287,-0.039468744,0.4984,NA,FALSE,FALSE,FALSE,"up5Vai",0.1429,0.02692013,"Oral and oropharyngeal cancer",TRUE,"reported","textfile",0.0037,1.43e-14,"Type 2 diabetes",TRUE,"reported","r923KE","textfile",2,TRUE,NA
"231","rs7664347","C","T","C","T",-0.0234,0.060059756,0.6601,NA,FALSE,FALSE,FALSE,"up5Vai",0.03118,0.027917797,"Oral and oropharyngeal cancer",TRUE,"reported","textfile",0.0041,9.52e-09,"Type 2 diabetes",TRUE,"reported","r923KE","textfile",2,TRUE,NA
"232","rs76675804","C","T","C","T",-0.1208,-0.035005609,0.0941,NA,FALSE,FALSE,FALSE,"up5Vai",0.453,0.045767975,"Oral and oropharyngeal cancer",TRUE,"reported","textfile",0.0074,1.29e-59,"Type 2 diabetes",TRUE,"reported","r923KE","textfile",2,TRUE,NA
"233","rs7674402","G","A","G","A",-0.0523,0.053295297,0.7719,NA,FALSE,FALSE,FALSE,"up5Vai",0.3166,0.052718905,"Oral and oropharyngeal cancer",TRUE,"reported","textfile",0.0064,3.98e-16,"Type 2 diabetes",TRUE,"reported","r923KE","textfile",2,TRUE,NA
"234","rs76895963","G","T","G","T",-0.4223,-0.131248287,0.019,NA,FALSE,FALSE,FALSE,"up5Vai",0.2012,0.102359664,"Oral and oropharyngeal cancer",TRUE,"reported","textfile",0.0202,1.2e-96,"Type 2 diabetes",TRUE,"reported","r923KE","textfile",2,TRUE,NA
"235","rs7732130","G","A","G","A",0.0554,0.000100005,0.2954,NA,FALSE,FALSE,FALSE,"up5Vai",0.9977,0.031453052,"Oral and oropharyngeal cancer",TRUE,"reported","textfile",0.0047,2.21e-32,"Type 2 diabetes",TRUE,"reported","r923KE","textfile",2,TRUE,NA
"236","rs7742292","C","T","C","T",0.0261,0.020782539,0.4778,NA,FALSE,FALSE,FALSE,"up5Vai",0.4411,0.026494805,"Oral and oropharyngeal cancer",TRUE,"reported","textfile",0.004,5.06e-11,"Type 2 diabetes",TRUE,"reported","r923KE","textfile",2,TRUE,NA
"237","rs7752666","C","T","C","T",0.0305,-0.01400152,0.7047,NA,FALSE,FALSE,FALSE,"up5Vai",0.6398,0.028820236,"Oral and oropharyngeal cancer",TRUE,"reported","textfile",0.0043,1.66e-12,"Type 2 diabetes",TRUE,"reported","r923KE","textfile",2,TRUE,NA
"238","rs79090772","C","T","C","T",-0.0728,-0.011667805,0.0971,NA,FALSE,FALSE,FALSE,"up5Vai",0.7997,0.043290965,"Oral and oropharyngeal cancer",TRUE,"reported","textfile",0.0066,1.3e-28,"Type 2 diabetes",TRUE,"reported","r923KE","textfile",2,TRUE,NA
"239","rs79310463","C","T","C","T",-0.05,-0.045642358,0.8257,NA,FALSE,FALSE,FALSE,"up5Vai",0.2363,0.038351514,"Oral and oropharyngeal cancer",TRUE,"reported","textfile",0.0053,7.21e-21,"Type 2 diabetes",TRUE,"reported","r923KE","textfile",2,TRUE,NA
"240","rs8010382","G","A","G","A",0.0266,-0.015926151,0.4692,NA,FALSE,FALSE,FALSE,"up5Vai",0.5667,0.026993661,"Oral and oropharyngeal cancer",TRUE,"reported","textfile",0.0038,3.02e-12,"Type 2 diabetes",TRUE,"reported","r923KE","textfile",2,TRUE,NA
"241","rs80196932","C","T","C","T",-0.0479,0.033724869,0.1828,NA,FALSE,FALSE,FALSE,"up5Vai",0.3752,0.037531414,"Oral and oropharyngeal cancer",TRUE,"reported","textfile",0.0053,9.73e-20,"Type 2 diabetes",TRUE,"reported","r923KE","textfile",2,TRUE,NA
"242","rs8043085","G","T","G","T",-0.0407,-0.017839918,0.6975,NA,FALSE,FALSE,FALSE,"up5Vai",0.5771,0.031033357,"Oral and oropharyngeal cancer",TRUE,"reported","textfile",0.0042,9.06e-22,"Type 2 diabetes",TRUE,"reported","r923KE","textfile",2,TRUE,NA
"243","rs8054556","G","A","G","A",-0.0317,0.007729798,0.5699,NA,FALSE,FALSE,FALSE,"up5Vai",0.775,0.025563912,"Oral and oropharyngeal cancer",TRUE,"reported","textfile",0.0039,1.85e-16,"Type 2 diabetes",TRUE,"reported","r923KE","textfile",2,TRUE,NA
"244","rs8056890","G","A","G","A",-0.0295,0.012275031,0.6775,NA,FALSE,FALSE,FALSE,"up5Vai",0.6753,0.028104041,"Oral and oropharyngeal cancer",TRUE,"reported","textfile",0.0042,1.54e-12,"Type 2 diabetes",TRUE,"reported","r923KE","textfile",2,TRUE,NA
"245","rs8061528","C","T","C","T",-0.0346,0,0.7573,NA,FALSE,FALSE,FALSE,"up5Vai",0.9991,NA,"Oral and oropharyngeal cancer",FALSE,"reported","textfile",0.0045,2.56e-14,"Type 2 diabetes",TRUE,"reported","r923KE","textfile",2,FALSE,NA
"246","rs8071043","C","T","C","T",0.0465,-0.035005609,0.3318,NA,FALSE,FALSE,FALSE,"up5Vai",0.2271,0.028853088,"Oral and oropharyngeal cancer",TRUE,"reported","textfile",0.0041,5.35e-30,"Type 2 diabetes",TRUE,"reported","r923KE","textfile",2,TRUE,NA
"247","rs8107527","G","A","G","A",-0.0542,0.009646377,0.6245,NA,FALSE,FALSE,FALSE,"up5Vai",0.7391,0.027533878,"Oral and oropharyngeal cancer",TRUE,"reported","textfile",0.004,4.23e-41,"Type 2 diabetes",TRUE,"reported","r923KE","textfile",2,TRUE,NA
"248","rs8192675","C","T","C","T",-0.0452,0.025765208,0.3167,NA,FALSE,FALSE,FALSE,"up5Vai",0.3706,0.028407718,"Oral and oropharyngeal cancer",TRUE,"reported","textfile",0.0042,3.85e-27,"Type 2 diabetes",TRUE,"reported","r923KE","textfile",2,TRUE,NA
"249","rs853866","T","A","T","A",0.0244,0.038221213,0.6109,NA,FALSE,TRUE,TRUE,"up5Vai",0.1663,0.027566988,"Oral and oropharyngeal cancer",TRUE,"reported","textfile",0.0044,2.72e-08,"Type 2 diabetes",TRUE,"reported","r923KE","textfile",2,FALSE,NA
"250","rs860262","C","A","C","A",0.0747,-0.010445258,0.5683,NA,FALSE,FALSE,FALSE,"up5Vai",0.6963,0.025594031,"Oral and oropharyngeal cancer",TRUE,"reported","textfile",0.0039,2.92e-82,"Type 2 diabetes",TRUE,"reported","r923KE","textfile",2,TRUE,NA
"251","rs893617","C","T","C","T",0.0537,0.006420568,0.2813,NA,FALSE,FALSE,FALSE,"up5Vai",0.8284,0.0277438,"Oral and oropharyngeal cancer",TRUE,"reported","textfile",0.0041,2.13e-38,"Type 2 diabetes",TRUE,"reported","r923KE","textfile",2,TRUE,NA
"252","rs917195","C","T","C","T",0.0424,0.035005609,0.7224,NA,FALSE,FALSE,FALSE,"up5Vai",0.2975,0.03332437,"Oral and oropharyngeal cancer",TRUE,"reported","textfile",0.0046,1.49e-20,"Type 2 diabetes",TRUE,"reported","r923KE","textfile",2,TRUE,NA
"253","rs9308614","G","A","G","A",-0.057,-0.056993722,0.1338,NA,FALSE,FALSE,FALSE,"up5Vai",0.1506,0.039609596,"Oral and oropharyngeal cancer",TRUE,"reported","textfile",0.0058,4.51e-23,"Type 2 diabetes",TRUE,"reported","r923KE","textfile",2,TRUE,NA
"254","rs9316500","G","T","G","T",-0.0401,-0.007729798,0.3528,NA,FALSE,FALSE,FALSE,"up5Vai",0.7886,0.027191513,"Oral and oropharyngeal cancer",TRUE,"reported","textfile",0.0041,1.03e-22,"Type 2 diabetes",TRUE,"reported","r923KE","textfile",2,TRUE,NA
"255","rs9370243","G","T","G","T",-0.0394,0.032213322,0.8339,NA,FALSE,FALSE,FALSE,"up5Vai",0.489,0.045541984,"Oral and oropharyngeal cancer",TRUE,"reported","textfile",0.0061,1.03e-10,"Type 2 diabetes",TRUE,"reported","r923KE","textfile",2,TRUE,NA
"256","rs9379084","G","A","G","A",0.0715,0.03759803,0.843,NA,FALSE,FALSE,FALSE,"up5Vai",0.3623,0.040765349,"Oral and oropharyngeal cancer",TRUE,"reported","textfile",0.0062,5.31e-31,"Type 2 diabetes",TRUE,"reported","r923KE","textfile",2,TRUE,NA
"257","rs9384","G","T","G","T",0.0404,0.032316601,0.6566,NA,FALSE,FALSE,FALSE,"up5Vai",0.2417,0.02746077,"Oral and oropharyngeal cancer",TRUE,"reported","textfile",0.0041,8.36e-23,"Type 2 diabetes",TRUE,"reported","r923KE","textfile",2,TRUE,NA
"258","rs9390022","C","T","C","T",-0.0306,0.025570276,0.3361,NA,FALSE,FALSE,FALSE,"up5Vai",0.3579,0.027479671,"Oral and oropharyngeal cancer",TRUE,"reported","textfile",0.0041,5e-14,"Type 2 diabetes",TRUE,"reported","r923KE","textfile",2,TRUE,NA
"259","rs9449295","C","T","C","T",0.0216,0.01400152,0.5169,NA,FALSE,FALSE,FALSE,"up5Vai",0.6068,0.02630629,"Oral and oropharyngeal cancer",TRUE,"reported","textfile",0.0039,4.03e-08,"Type 2 diabetes",TRUE,"reported","r923KE","textfile",2,TRUE,NA
"260","rs9472139","G","C","G","C",-0.0376,-0.003394233,0.7397,NA,FALSE,TRUE,TRUE,"up5Vai",0.9101,0.027682953,"Oral and oropharyngeal cancer",TRUE,"reported","textfile",0.0044,1.44e-17,"Type 2 diabetes",TRUE,"reported","r923KE","textfile",2,FALSE,NA
"261","rs9479","G","A","G","A",0.0271,0.00039992,0.5244,NA,FALSE,FALSE,FALSE,"up5Vai",0.9894,0.027189063,"Oral and oropharyngeal cancer",TRUE,"reported","textfile",0.0037,4e-13,"Type 2 diabetes",TRUE,"reported","r923KE","textfile",2,TRUE,NA
"262","rs9515905","G","A","G","A",-0.0472,-0.048980182,0.2606,NA,FALSE,FALSE,FALSE,"up5Vai",0.1065,0.030360575,"Oral and oropharyngeal cancer",TRUE,"reported","textfile",0.0044,2.06e-27,"Type 2 diabetes",TRUE,"reported","r923KE","textfile",2,TRUE,NA
"263","rs9560114","T","A","T","A",-0.0259,0.04382548,0.2435,NA,FALSE,TRUE,TRUE,"up5Vai",0.161,0.031220659,"Oral and oropharyngeal cancer",TRUE,"reported","textfile",0.0047,3.3e-08,"Type 2 diabetes",TRUE,"reported","r923KE","textfile",2,FALSE,NA
"264","rs9564268","C","T","C","T",-0.0243,0.023716527,0.544,NA,FALSE,FALSE,FALSE,"up5Vai",0.3947,0.027461168,"Oral and oropharyngeal cancer",TRUE,"reported","textfile",0.004,7.67e-10,"Type 2 diabetes",TRUE,"reported","r923KE","textfile",2,TRUE,NA
"265","rs9587811","C","A","C","A",0.0248,-0.013902905,0.5464,NA,FALSE,FALSE,FALSE,"up5Vai",0.6084,0.026232995,"Oral and oropharyngeal cancer",TRUE,"reported","textfile",0.0038,4.91e-11,"Type 2 diabetes",TRUE,"reported","r923KE","textfile",2,TRUE,NA
"266","rs978444","G","T","G","T",0.0229,-0.007670506,0.4136,NA,FALSE,FALSE,FALSE,"up5Vai",0.7746,0.025323199,"Oral and oropharyngeal cancer",TRUE,"reported","textfile",0.0039,3.52e-09,"Type 2 diabetes",TRUE,"reported","r923KE","textfile",2,TRUE,NA
"267","rs9859406","G","A","G","A",-0.1117,0.035834453,0.6476,NA,FALSE,FALSE,FALSE,"up5Vai",0.2087,0.028403717,"Oral and oropharyngeal cancer",TRUE,"reported","textfile",0.004,2.01e-169,"Type 2 diabetes",TRUE,"reported","r923KE","textfile",2,TRUE,NA
"268","rs9873519","C","T","C","T",-0.0373,0.028605257,0.5288,NA,FALSE,FALSE,FALSE,"up5Vai",0.2966,0.02718216,"Oral and oropharyngeal cancer",TRUE,"reported","textfile",0.0038,2.53e-22,"Type 2 diabetes",TRUE,"reported","r923KE","textfile",2,TRUE,NA
"269","rs9913225","G","A","G","A",0.0262,-0.00793137,0.3742,NA,FALSE,FALSE,FALSE,"up5Vai",0.7702,0.025687192,"Oral and oropharyngeal cancer",TRUE,"reported","textfile",0.004,5.42e-11,"Type 2 diabetes",TRUE,"reported","r923KE","textfile",2,TRUE,NA
"270","rs9927842","C","T","C","T",-0.0307,0.014606152,0.7886,NA,FALSE,FALSE,FALSE,"up5Vai",0.6811,0.034060324,"Oral and oropharyngeal cancer",TRUE,"reported","textfile",0.005,6.97e-10,"Type 2 diabetes",TRUE,"reported","r923KE","textfile",2,TRUE,NA
"271","rs993380","G","A","G","A",-0.0272,0.036621183,0.6352,NA,FALSE,FALSE,FALSE,"up5Vai",0.1911,0.027935783,"Oral and oropharyngeal cancer",TRUE,"reported","textfile",0.0039,3.7e-12,"Type 2 diabetes",TRUE,"reported","r923KE","textfile",2,TRUE,NA
"272","rs9937296","C","T","C","T",0.0445,-0.01440323,0.7708,NA,FALSE,FALSE,FALSE,"up5Vai",0.773,0.047218144,"Oral and oropharyngeal cancer",TRUE,"reported","textfile",0.007,2.35e-10,"Type 2 diabetes",TRUE,"reported","r923KE","textfile",2,TRUE,NA
