"","SNP","effect_allele.exposure","other_allele.exposure","effect_allele.outcome","other_allele.outcome","beta.exposure","beta.outcome","eaf.exposure","eaf.outcome","remove","palindromic","ambiguous","id.outcome","pval.outcome","se.outcome","outcome","mr_keep.outcome","pval_origin.outcome","data_source.outcome","se.exposure","exposure","mr_keep.exposure","pval.exposure","pval_origin.exposure","id.exposure","data_source.exposure","action","mr_keep","samplesize.outcome"
"1","rs10101067","G","C","G","C",-0.0391,0.004418689,0.9141,NA,FALSE,TRUE,TRUE,"12T3TW",0.513,0.006762067,"Smoking initiation",TRUE,"reported","textfile",0.0069,"Type 2 diabetes",TRUE,1.45602201478282e-08,"inferred","R7VigS","textfile",2,FALSE,NA
"2","rs10119430","G","A","G","A",0.0279,0.005381207,0.2209,NA,FALSE,FALSE,FALSE,"12T3TW",0.218,0.004364735,"Smoking initiation",TRUE,"reported","textfile",0.0046,"Type 2 diabetes",TRUE,1.31775290031149e-09,"inferred","R7VigS","textfile",2,TRUE,NA
"3","rs10159026","C","T","C","T",0.0273,0.006530884,0.7491,NA,FALSE,FALSE,FALSE,"12T3TW",0.113,0.004122257,"Smoking initiation",TRUE,"reported","textfile",0.0046,"Type 2 diabetes",TRUE,2.94235099632561e-09,"inferred","R7VigS","textfile",2,TRUE,NA
"4","rs10184004","C","T","C","T",0.0636,0.005607281,0.5951,NA,FALSE,FALSE,FALSE,"12T3TW",0.12,0.003611967,"Smoking initiation",TRUE,"reported","textfile",0.0041,"Type 2 diabetes",TRUE,2.86900405198803e-54,"inferred","R7VigS","textfile",2,TRUE,NA
"5","rs10188334","C","T","C","T",0.0544,0.033997143,0.8409,NA,FALSE,FALSE,FALSE,"12T3TW",6.74e-13,0.004732794,"Smoking initiation",TRUE,"reported","textfile",0.0053,"Type 2 diabetes",TRUE,1.02216168900704e-24,"inferred","R7VigS","textfile",2,TRUE,NA
"6","rs10404726","C","T","C","T",0.0255,0.000207222,0.4829,NA,FALSE,FALSE,FALSE,"12T3TW",0.954,0.003564328,"Smoking initiation",TRUE,"reported","textfile",0.0042,"Type 2 diabetes",TRUE,1.26777349231472e-09,"inferred","R7VigS","textfile",2,TRUE,NA
"7","rs10440833","T","A","T","A",-0.1286,-0.001839448,0.7028,NA,FALSE,TRUE,TRUE,"12T3TW",0.649,0.004042986,"Smoking initiation",TRUE,"reported","textfile",0.0041,"Type 2 diabetes",TRUE,5.91485599998418e-216,"inferred","R7VigS","textfile",2,FALSE,NA
"8","rs10469860","G","A","G","A",-0.0238,-0.003230942,0.2755,NA,FALSE,FALSE,FALSE,"12T3TW",0.417,0.003977015,"Smoking initiation",TRUE,"reported","textfile",0.0043,"Type 2 diabetes",TRUE,3.11434896880034e-08,"inferred","R7VigS","textfile",2,TRUE,NA
"9","rs10750397","G","A","G","A",-0.04,0.013586402,0.7146,NA,FALSE,FALSE,FALSE,"12T3TW",0.000603,0.003955155,"Smoking initiation",TRUE,"reported","textfile",0.0042,"Type 2 diabetes",TRUE,1.66944340853417e-21,"inferred","R7VigS","textfile",2,TRUE,NA
"10","rs1075855","G","C","G","C",0.0263,0.008920298,0.2791,NA,FALSE,TRUE,TRUE,"12T3TW",0.0272,0.004038029,"Smoking initiation",TRUE,"reported","textfile",0.0045,"Type 2 diabetes",TRUE,5.08261625578576e-09,"inferred","R7VigS","textfile",2,FALSE,NA
"11","rs10767659","G","T","G","T",0.026,0.021057149,0.3538,NA,FALSE,FALSE,FALSE,"12T3TW",2.21e-08,0.003763807,"Smoking initiation",TRUE,"reported","textfile",0.0042,"Type 2 diabetes",TRUE,5.99827280576032e-10,"inferred","R7VigS","textfile",2,TRUE,NA
"12","rs10808671","G","A","G","A",-0.0358,-0.00153433,0.5407,NA,FALSE,FALSE,FALSE,"12T3TW",0.666,0.003557642,"Smoking initiation",TRUE,"reported","textfile",0.0038,"Type 2 diabetes",TRUE,4.46588150032974e-21,"inferred","R7VigS","textfile",2,TRUE,NA
"13","rs10811661","C","T","C","T",-0.1471,6.46e-05,0.2442,NA,FALSE,FALSE,FALSE,"12T3TW",0.989,0.004710876,"Smoking initiation",TRUE,"reported","textfile",0.0048,"Type 2 diabetes",TRUE,3.00305106508876e-206,"inferred","R7VigS","textfile",2,TRUE,NA
"14","rs10818763","C","T","C","T",0.0358,-0.000981176,0.676,NA,FALSE,FALSE,FALSE,"12T3TW",0.852,0.005252115,"Smoking initiation",TRUE,"reported","textfile",0.0051,"Type 2 diabetes",TRUE,2.2249182955166e-12,"inferred","R7VigS","textfile",2,TRUE,NA
"15","rs10830963","G","C","G","C",0.0731,-0.000222184,0.3057,NA,FALSE,TRUE,TRUE,"12T3TW",0.956,0.003990548,"Smoking initiation",TRUE,"reported","textfile",0.0042,"Type 2 diabetes",TRUE,7.5921006601205e-68,"inferred","R7VigS","textfile",2,FALSE,NA
"16","rs10879261","G","T","G","T",0.0341,-0.006330197,0.388,NA,FALSE,FALSE,FALSE,"12T3TW",0.0804,0.003618733,"Smoking initiation",TRUE,"reported","textfile",0.0038,"Type 2 diabetes",TRUE,2.86758595329601e-19,"inferred","R7VigS","textfile",2,TRUE,NA
"17","rs10916780","G","A","G","A",-0.0342,0.001162868,0.2476,NA,FALSE,FALSE,FALSE,"12T3TW",0.794,0.004452852,"Smoking initiation",TRUE,"reported","textfile",0.0046,"Type 2 diabetes",TRUE,1.04740071116828e-13,"inferred","R7VigS","textfile",2,TRUE,NA
"18","rs10937721","G","C","G","C",-0.0755,-0.005176803,0.3904,NA,FALSE,TRUE,TRUE,"12T3TW",0.151,0.003606849,"Smoking initiation",TRUE,"reported","textfile",0.0043,"Type 2 diabetes",TRUE,5.15368834893993e-69,"inferred","R7VigS","textfile",2,FALSE,NA
"19","rs10938398","G","A","G","A",-0.0445,0.002980788,0.6065,NA,FALSE,FALSE,FALSE,"12T3TW",0.407,0.003596273,"Smoking initiation",TRUE,"reported","textfile",0.0039,"Type 2 diabetes",TRUE,3.71632198630406e-30,"inferred","R7VigS","textfile",2,TRUE,NA
"20","rs10993072","C","T","C","T",-0.0315,0.001136665,0.6647,NA,FALSE,FALSE,FALSE,"12T3TW",0.765,0.003807971,"Smoking initiation",TRUE,"reported","textfile",0.0041,"Type 2 diabetes",TRUE,1.55494412057444e-14,"inferred","R7VigS","textfile",2,TRUE,NA
"21","rs10998338","G","A","G","A",-0.0308,-0.008798987,0.5189,NA,FALSE,FALSE,FALSE,"12T3TW",0.0138,0.003571399,"Smoking initiation",TRUE,"reported","textfile",0.0039,"Type 2 diabetes",TRUE,2.84699340451892e-15,"inferred","R7VigS","textfile",2,TRUE,NA
"22","rs11048457","G","A","G","A",0.0385,-0.004280857,0.3857,NA,FALSE,FALSE,FALSE,"12T3TW",0.293,0.00406321,"Smoking initiation",TRUE,"reported","textfile",0.0043,"Type 2 diabetes",TRUE,3.44422150666144e-19,"inferred","R7VigS","textfile",2,TRUE,NA
"23","rs1109442","C","T","C","T",0.0218,0.007967903,0.4629,NA,FALSE,FALSE,FALSE,"12T3TW",0.0254,0.003563355,"Smoking initiation",TRUE,"reported","textfile",0.0037,"Type 2 diabetes",TRUE,3.81798938980502e-09,"inferred","R7VigS","textfile",2,TRUE,NA
"24","rs11108094","C","A","C","A",-0.0571,0.002879551,0.9339,NA,FALSE,FALSE,FALSE,"12T3TW",0.685,0.007110544,"Smoking initiation",TRUE,"reported","textfile",0.0088,"Type 2 diabetes",TRUE,8.66167398633515e-11,"inferred","R7VigS","textfile",2,TRUE,NA
"25","rs1111875","C","T","C","T",0.0928,-0.003624839,0.549,NA,FALSE,FALSE,FALSE,"12T3TW",0.314,0.003606849,"Smoking initiation",TRUE,"reported","textfile",0.0038,"Type 2 diabetes",TRUE,1.0220747698317e-131,"inferred","R7VigS","textfile",2,TRUE,NA
"26","rs11150745","G","A","G","A",-0.0312,-0.003516275,0.3173,NA,FALSE,FALSE,FALSE,"12T3TW",0.357,0.003820684,"Smoking initiation",TRUE,"reported","textfile",0.0053,"Type 2 diabetes",TRUE,3.93762683932465e-09,"inferred","R7VigS","textfile",2,TRUE,NA
"27","rs11173646","T","A","T","A",-0.0285,-0.011063015,0.7362,NA,FALSE,TRUE,TRUE,"12T3TW",0.0226,0.004851453,"Smoking initiation",TRUE,"reported","textfile",0.0047,"Type 2 diabetes",TRUE,1.32917822941293e-09,"inferred","R7VigS","textfile",2,FALSE,NA
"28","rs111765639","G","A","G","A",0.0581,-0.005087517,0.876,NA,FALSE,FALSE,FALSE,"12T3TW",0.627,0.010472487,"Smoking initiation",TRUE,"reported","textfile",0.0084,"Type 2 diabetes",TRUE,4.62394348129271e-12,"inferred","R7VigS","textfile",2,TRUE,NA
"29","rs11199116","C","A","C","A",0.0306,-0.008823471,0.1909,NA,FALSE,FALSE,FALSE,"12T3TW",0.0456,0.004411735,"Smoking initiation",TRUE,"reported","textfile",0.005,"Type 2 diabetes",TRUE,9.35753574836327e-10,"inferred","R7VigS","textfile",2,TRUE,NA
"30","rs11201992","C","A","C","A",0.0251,-0.0007704,0.4767,NA,FALSE,FALSE,FALSE,"12T3TW",0.829,0.003568807,"Smoking initiation",TRUE,"reported","textfile",0.0038,"Type 2 diabetes",TRUE,3.96811826279088e-11,"inferred","R7VigS","textfile",2,TRUE,NA
"31","rs112324411","C","T","C","T",0.0729,-0.000471644,0.9377,NA,FALSE,FALSE,FALSE,"12T3TW",0.95,0.007466684,"Smoking initiation",TRUE,"reported","textfile",0.0103,"Type 2 diabetes",TRUE,1.46598406834978e-12,"inferred","R7VigS","textfile",2,TRUE,NA
"32","rs11257655","C","T","C","T",-0.0946,0.001218442,0.7044,NA,FALSE,FALSE,FALSE,"12T3TW",0.78,0.004357138,"Smoking initiation",TRUE,"reported","textfile",0.0056,"Type 2 diabetes",TRUE,5.07830953787851e-64,"inferred","R7VigS","textfile",2,TRUE,NA
"33","rs11258422","C","A","C","A",0.0241,0.007602949,0.4091,NA,FALSE,FALSE,FALSE,"12T3TW",0.0425,0.003750258,"Smoking initiation",TRUE,"reported","textfile",0.0041,"Type 2 diabetes",TRUE,4.15130600099899e-09,"inferred","R7VigS","textfile",2,TRUE,NA
"34","rs1127215","C","T","C","T",0.0412,-0.002005503,0.6041,NA,FALSE,FALSE,FALSE,"12T3TW",0.578,0.003601989,"Smoking initiation",TRUE,"reported","textfile",0.0039,"Type 2 diabetes",TRUE,4.37129672575062e-26,"inferred","R7VigS","textfile",2,TRUE,NA
"35","rs113414093","G","A","G","A",-0.0724,0.001915372,0.9459,NA,FALSE,FALSE,FALSE,"12T3TW",0.807,0.007858865,"Smoking initiation",TRUE,"reported","textfile",0.0128,"Type 2 diabetes",TRUE,1.54716063389805e-08,"inferred","R7VigS","textfile",2,TRUE,NA
"36","rs114136102","C","T","C","T",0.0631,0.01452908,0.0384,NA,FALSE,FALSE,FALSE,"12T3TW",0.105,0.008976096,"Smoking initiation",TRUE,"reported","textfile",0.0114,"Type 2 diabetes",TRUE,3.11072629382414e-08,"inferred","R7VigS","textfile",2,TRUE,NA
"37","rs11583755","C","A","C","A",0.0369,-0.00288557,0.3287,NA,FALSE,FALSE,FALSE,"12T3TW",0.437,0.003712899,"Smoking initiation",TRUE,"reported","textfile",0.0041,"Type 2 diabetes",TRUE,2.25717681190768e-19,"inferred","R7VigS","textfile",2,TRUE,NA
"38","rs11602873","T","A","T","A",-0.0987,0.008301325,0.1459,NA,FALSE,TRUE,TRUE,"12T3TW",0.0854,0.004825047,"Smoking initiation",TRUE,"reported","textfile",0.0059,"Type 2 diabetes",TRUE,8.08324523297354e-63,"inferred","R7VigS","textfile",2,FALSE,NA
"39","rs11614914","C","T","C","T",-0.0394,0.002326662,0.7033,NA,FALSE,FALSE,FALSE,"12T3TW",0.537,0.003769387,"Smoking initiation",TRUE,"reported","textfile",0.0044,"Type 2 diabetes",TRUE,3.41138199650295e-19,"inferred","R7VigS","textfile",2,TRUE,NA
"40","rs11616380","G","T","G","T",0.0764,0.003585239,0.7299,NA,FALSE,FALSE,FALSE,"12T3TW",0.363,0.003942443,"Smoking initiation",TRUE,"reported","textfile",0.0043,"Type 2 diabetes",TRUE,1.26321405350849e-70,"inferred","R7VigS","textfile",2,TRUE,NA
"41","rs11646052","G","A","G","A",0.026,0.002421502,0.4116,NA,FALSE,FALSE,FALSE,"12T3TW",0.504,0.003625914,"Smoking initiation",TRUE,"reported","textfile",0.0039,"Type 2 diabetes",TRUE,2.6167849372106e-11,"inferred","R7VigS","textfile",2,TRUE,NA
"42","rs11651755","C","T","C","T",0.0663,-0.002608069,0.4671,NA,FALSE,FALSE,FALSE,"12T3TW",0.464,0.003559032,"Smoking initiation",TRUE,"reported","textfile",0.0038,"Type 2 diabetes",TRUE,3.60461599843087e-68,"inferred","R7VigS","textfile",2,TRUE,NA
"43","rs11708067","G","A","G","A",-0.0804,0.003208241,0.2229,NA,FALSE,FALSE,FALSE,"12T3TW",0.446,0.004205382,"Smoking initiation",TRUE,"reported","textfile",0.005,"Type 2 diabetes",TRUE,3.52378958735547e-58,"inferred","R7VigS","textfile",2,TRUE,NA
"44","rs117316450","G","C","G","C",0.1328,-0.010063476,0.0183,NA,FALSE,TRUE,TRUE,"12T3TW",0.443,0.013123793,"Smoking initiation",TRUE,"reported","textfile",0.0171,"Type 2 diabetes",TRUE,8.09512376789023e-15,"inferred","R7VigS","textfile",2,FALSE,NA
"45","rs11759026","G","A","G","A",0.0585,-0.013265173,0.3164,NA,FALSE,FALSE,FALSE,"12T3TW",0.00172,0.004230933,"Smoking initiation",TRUE,"reported","textfile",0.0057,"Type 2 diabetes",TRUE,1.03273125285505e-24,"inferred","R7VigS","textfile",2,TRUE,NA
"46","rs117642733","C","T","C","T",-0.0762,-0.000843062,0.9584,NA,FALSE,FALSE,FALSE,"12T3TW",0.922,0.008658757,"Smoking initiation",TRUE,"reported","textfile",0.0133,"Type 2 diabetes",TRUE,1.00832054952306e-08,"inferred","R7VigS","textfile",2,TRUE,NA
"47","rs11870735","C","T","C","T",-0.0314,0.001156294,0.824,NA,FALSE,FALSE,FALSE,"12T3TW",0.805,0.004689391,"Smoking initiation",TRUE,"reported","textfile",0.0054,"Type 2 diabetes",TRUE,6.07010466671636e-09,"inferred","R7VigS","textfile",2,TRUE,NA
"48","rs12001437","C","T","C","T",0.0301,0.002757388,0.4071,NA,FALSE,FALSE,FALSE,"12T3TW",0.453,0.003678153,"Smoking initiation",TRUE,"reported","textfile",0.0038,"Type 2 diabetes",TRUE,2.35508218636401e-15,"inferred","R7VigS","textfile",2,TRUE,NA
"49","rs12056338","G","T","G","T",-0.0251,0.007830501,0.6086,NA,FALSE,FALSE,FALSE,"12T3TW",0.03,0.003608104,"Smoking initiation",TRUE,"reported","textfile",0.004,"Type 2 diabetes",TRUE,3.49634293322049e-10,"inferred","R7VigS","textfile",2,TRUE,NA
"50","rs12380322","G","A","G","A",0.0295,0.003235025,0.3922,NA,FALSE,FALSE,FALSE,"12T3TW",0.374,0.003635089,"Smoking initiation",TRUE,"reported","textfile",0.004,"Type 2 diabetes",TRUE,1.64345052151688e-13,"inferred","R7VigS","textfile",2,TRUE,NA
"51","rs12419690","G","A","G","A",0.0298,-0.000842944,0.5115,NA,FALSE,FALSE,FALSE,"12T3TW",0.814,0.003578098,"Smoking initiation",TRUE,"reported","textfile",0.004,"Type 2 diabetes",TRUE,9.33402317743807e-14,"inferred","R7VigS","textfile",2,TRUE,NA
"52","rs12505942","C","T","C","T",-0.0294,-0.022439509,0.3133,NA,FALSE,FALSE,FALSE,"12T3TW",1.84e-09,0.003734735,"Smoking initiation",TRUE,"reported","textfile",0.0042,"Type 2 diabetes",TRUE,2.55962508777167e-12,"inferred","R7VigS","textfile",2,TRUE,NA
"53","rs1260326","C","T","C","T",0.0625,0.002873185,0.5805,NA,FALSE,FALSE,FALSE,"12T3TW",0.433,0.003660777,"Smoking initiation",TRUE,"reported","textfile",0.0039,"Type 2 diabetes",TRUE,8.46138042369639e-58,"inferred","R7VigS","textfile",2,TRUE,NA
"54","rs12603589","C","T","C","T",0.0421,0.012023976,0.3128,NA,FALSE,FALSE,FALSE,"12T3TW",0.00795,0.004531706,"Smoking initiation",TRUE,"reported","textfile",0.0046,"Type 2 diabetes",TRUE,5.57991648629262e-20,"inferred","R7VigS","textfile",2,TRUE,NA
"55","rs12625671","C","T","C","T",0.0603,-0.000263759,0.2326,NA,FALSE,FALSE,FALSE,"12T3TW",0.963,0.005755695,"Smoking initiation",TRUE,"reported","textfile",0.0055,"Type 2 diabetes",TRUE,5.71556427470904e-28,"inferred","R7VigS","textfile",2,TRUE,NA
"56","rs12746673","C","A","C","A",0.0308,-0.00651235,0.2076,NA,FALSE,FALSE,FALSE,"12T3TW",0.131,0.004312909,"Smoking initiation",TRUE,"reported","textfile",0.0049,"Type 2 diabetes",TRUE,3.26349665362183e-10,"inferred","R7VigS","textfile",2,TRUE,NA
"57","rs12789028","G","A","G","A",-0.0459,-0.011352193,0.8198,NA,FALSE,FALSE,FALSE,"12T3TW",0.0124,0.004540877,"Smoking initiation",TRUE,"reported","textfile",0.005,"Type 2 diabetes",TRUE,4.31091429675688e-20,"inferred","R7VigS","textfile",2,TRUE,NA
"58","rs12883788","C","T","C","T",-0.0327,-0.010057762,0.5887,NA,FALSE,FALSE,FALSE,"12T3TW",0.00485,0.003571616,"Smoking initiation",TRUE,"reported","textfile",0.004,"Type 2 diabetes",TRUE,2.95865875055249e-16,"inferred","R7VigS","textfile",2,TRUE,NA
"59","rs12910361","G","A","G","A",0.0686,-0.007990971,0.614,NA,FALSE,FALSE,FALSE,"12T3TW",0.0414,0.003917896,"Smoking initiation",TRUE,"reported","textfile",0.004,"Type 2 diabetes",TRUE,6.28524669840346e-66,"inferred","R7VigS","textfile",2,TRUE,NA
"60","rs12918782","G","A","G","A",0.0308,0.007219644,0.2568,NA,FALSE,FALSE,FALSE,"12T3TW",0.134,0.004813096,"Smoking initiation",TRUE,"reported","textfile",0.0047,"Type 2 diabetes",TRUE,5.63202200677397e-11,"inferred","R7VigS","textfile",2,TRUE,NA
"61","rs12986742","C","T","C","T",0.0353,-0.008045302,0.4727,NA,FALSE,FALSE,FALSE,"12T3TW",0.0238,0.003559032,"Smoking initiation",TRUE,"reported","textfile",0.0038,"Type 2 diabetes",TRUE,1.5505313265646e-20,"inferred","R7VigS","textfile",2,TRUE,NA
"62","rs13059382","G","T","G","T",0.0356,-0.000915652,0.7216,NA,FALSE,FALSE,FALSE,"12T3TW",0.89,0.006625424,"Smoking initiation",TRUE,"reported","textfile",0.0059,"Type 2 diabetes",TRUE,1.60050808962932e-09,"inferred","R7VigS","textfile",2,TRUE,NA
"63","rs13094957","C","T","C","T",-0.0637,-0.005335712,0.2196,NA,FALSE,FALSE,FALSE,"12T3TW",0.219,0.004342141,"Smoking initiation",TRUE,"reported","textfile",0.0047,"Type 2 diabetes",TRUE,7.58588222468913e-42,"inferred","R7VigS","textfile",2,TRUE,NA
"64","rs13099581","C","T","C","T",0.0371,-0.003779876,0.8192,NA,FALSE,FALSE,FALSE,"12T3TW",0.457,0.00507835,"Smoking initiation",TRUE,"reported","textfile",0.0058,"Type 2 diabetes",TRUE,1.58925013934522e-10,"inferred","R7VigS","textfile",2,TRUE,NA
"65","rs13237518","C","A","C","A",-0.0283,-0.012148972,0.5207,NA,FALSE,FALSE,FALSE,"12T3TW",0.00134,0.00378548,"Smoking initiation",TRUE,"reported","textfile",0.0038,"Type 2 diabetes",TRUE,9.52204376449645e-14,"inferred","R7VigS","textfile",2,TRUE,NA
"66","rs13262861","C","A","C","A",0.1021,0.002194596,0.8326,NA,FALSE,FALSE,FALSE,"12T3TW",0.644,0.004755156,"Smoking initiation",TRUE,"reported","textfile",0.0054,"Type 2 diabetes",TRUE,9.91111542080691e-80,"inferred","R7VigS","textfile",2,TRUE,NA
"67","rs13266634","C","T","C","T",0.1024,0.005257029,0.6814,NA,FALSE,FALSE,FALSE,"12T3TW",0.169,0.003823926,"Smoking initiation",TRUE,"reported","textfile",0.0041,"Type 2 diabetes",TRUE,1.12561387384794e-137,"inferred","R7VigS","textfile",2,TRUE,NA
"68","rs13268508","C","T","C","T",-0.0376,-0.002973259,0.6277,NA,FALSE,FALSE,FALSE,"12T3TW",0.422,0.003699274,"Smoking initiation",TRUE,"reported","textfile",0.0041,"Type 2 diabetes",TRUE,4.69819050144849e-20,"inferred","R7VigS","textfile",2,TRUE,NA
"69","rs13406280","C","T","C","T",0.0269,0.001353929,0.566,NA,FALSE,FALSE,FALSE,"12T3TW",0.703,0.003555592,"Smoking initiation",TRUE,"reported","textfile",0.0039,"Type 2 diabetes",TRUE,5.29495226443362e-12,"inferred","R7VigS","textfile",2,TRUE,NA
"70","rs13415288","C","T","C","T",0.0262,-0.012284922,0.3654,NA,FALSE,FALSE,FALSE,"12T3TW",0.0011,0.00375561,"Smoking initiation",TRUE,"reported","textfile",0.004,"Type 2 diabetes",TRUE,5.75370834720866e-11,"inferred","R7VigS","textfile",2,TRUE,NA
"71","rs13434089","C","T","C","T",-0.0607,-0.010351198,0.2034,NA,FALSE,FALSE,FALSE,"12T3TW",0.0585,0.005470778,"Smoking initiation",TRUE,"reported","textfile",0.0052,"Type 2 diabetes",TRUE,1.74978018660737e-31,"inferred","R7VigS","textfile",2,TRUE,NA
"72","rs138771","G","A","G","A",-0.0259,0.000176364,0.6895,NA,FALSE,FALSE,FALSE,"12T3TW",0.97,0.004713534,"Smoking initiation",TRUE,"reported","textfile",0.0044,"Type 2 diabetes",TRUE,3.94785196441963e-09,"inferred","R7VigS","textfile",2,TRUE,NA
"73","rs1412234","C","T","C","T",0.0397,0.001010259,0.2864,NA,FALSE,FALSE,FALSE,"12T3TW",0.791,0.003804857,"Smoking initiation",TRUE,"reported","textfile",0.0042,"Type 2 diabetes",TRUE,3.31209520377685e-21,"inferred","R7VigS","textfile",2,TRUE,NA
"74","rs1421085","C","T","C","T",0.1182,0.006789345,0.367,NA,FALSE,FALSE,FALSE,"12T3TW",0.0606,0.003618733,"Smoking initiation",TRUE,"reported","textfile",0.004,"Type 2 diabetes",TRUE,6.56708998040091e-192,"inferred","R7VigS","textfile",2,TRUE,NA
"75","rs1426371","G","A","G","A",0.0429,0.014687833,0.692,NA,FALSE,FALSE,FALSE,"12T3TW",0.000298,0.004058094,"Smoking initiation",TRUE,"reported","textfile",0.0045,"Type 2 diabetes",TRUE,1.52312382964422e-21,"inferred","R7VigS","textfile",2,TRUE,NA
"76","rs1431819","G","A","G","A",0.0294,0.005486387,0.7075,NA,FALSE,FALSE,FALSE,"12T3TW",0.157,0.003879461,"Smoking initiation",TRUE,"reported","textfile",0.0046,"Type 2 diabetes",TRUE,1.64476638377172e-10,"inferred","R7VigS","textfile",2,TRUE,NA
"77","rs144052331","C","T","C","T",-0.0709,-0.006403323,0.0539,NA,FALSE,FALSE,FALSE,"12T3TW",0.529,0.010162724,"Smoking initiation",TRUE,"reported","textfile",0.0098,"Type 2 diabetes",TRUE,4.66580361849582e-13,"inferred","R7VigS","textfile",2,TRUE,NA
"78","rs145904381","C","T","C","T",-0.1607,0.001146948,0.0104,NA,FALSE,FALSE,FALSE,"12T3TW",0.942,0.015754537,"Smoking initiation",TRUE,"reported","textfile",0.0221,"Type 2 diabetes",TRUE,3.55535243815691e-13,"inferred","R7VigS","textfile",2,TRUE,NA
"79","rs146716733","C","T","C","T",0.0451,-0.005212877,0.9213,NA,FALSE,FALSE,FALSE,"12T3TW",0.512,0.007949563,"Smoking initiation",TRUE,"reported","textfile",0.0079,"Type 2 diabetes",TRUE,1.13734887950344e-08,"inferred","R7VigS","textfile",2,TRUE,NA
"80","rs1470560","G","A","G","A",-0.0245,-0.0060168,0.6433,NA,FALSE,FALSE,FALSE,"12T3TW",0.102,0.003682222,"Smoking initiation",TRUE,"reported","textfile",0.004,"Type 2 diabetes",TRUE,9.06836065339057e-10,"inferred","R7VigS","textfile",2,TRUE,NA
"81","rs149336329","G","T","G","T",0.0869,-0.00093255,0.9566,NA,FALSE,FALSE,FALSE,"12T3TW",0.913,0.008548669,"Smoking initiation",TRUE,"reported","textfile",0.01,"Type 2 diabetes",TRUE,3.62439488954041e-18,"inferred","R7VigS","textfile",2,TRUE,NA
"82","rs1561927","C","T","C","T",0.0332,0.001150232,0.31,NA,FALSE,FALSE,FALSE,"12T3TW",0.774,0.003999748,"Smoking initiation",TRUE,"reported","textfile",0.0046,"Type 2 diabetes",TRUE,5.29943229774374e-13,"inferred","R7VigS","textfile",2,TRUE,NA
"83","rs1567353","G","C","G","C",0.0278,0.005999101,0.3612,NA,FALSE,TRUE,TRUE,"12T3TW",0.118,0.003840531,"Smoking initiation",TRUE,"reported","textfile",0.004,"Type 2 diabetes",TRUE,3.65286212395395e-12,"inferred","R7VigS","textfile",2,FALSE,NA
"84","rs1650505","G","A","G","A",-0.0409,0.010856807,0.7722,NA,FALSE,FALSE,FALSE,"12T3TW",0.0135,0.004395793,"Smoking initiation",TRUE,"reported","textfile",0.0045,"Type 2 diabetes",TRUE,1.00056308964741e-19,"inferred","R7VigS","textfile",2,TRUE,NA
"85","rs17036160","C","T","C","T",0.1007,0.010147677,0.8874,NA,FALSE,FALSE,FALSE,"12T3TW",0.0616,0.005431927,"Smoking initiation",TRUE,"reported","textfile",0.0065,"Type 2 diabetes",TRUE,3.9099996968824e-54,"inferred","R7VigS","textfile",2,TRUE,NA
"86","rs174541","T","C","T","C",0.0277,0.002901283,0.3493,NA,FALSE,FALSE,FALSE,"12T3TW",0.432,0.003690591,"Smoking initiation",TRUE,"reported","textfile",0.0041,"Type 2 diabetes",TRUE,1.41757983533141e-11,"inferred","R7VigS","textfile",2,TRUE,NA
"87","rs17772814","G","A","G","A",0.0685,-0.006656883,0.917,NA,FALSE,FALSE,FALSE,"12T3TW",0.298,0.006405589,"Smoking initiation",TRUE,"reported","textfile",0.0124,"Type 2 diabetes",TRUE,3.31002420480174e-08,"inferred","R7VigS","textfile",2,TRUE,NA
"88","rs187653072","C","T","C","T",0.0967,0.004899333,0.0271,NA,FALSE,FALSE,FALSE,"12T3TW",0.634,0.010305825,"Smoking initiation",TRUE,"reported","textfile",0.0138,"Type 2 diabetes",TRUE,2.43054053945296e-12,"inferred","R7VigS","textfile",2,TRUE,NA
"89","rs197374","C","T","C","T",-0.0224,-0.015357821,0.5929,NA,FALSE,FALSE,FALSE,"12T3TW",2.79e-05,0.003660777,"Smoking initiation",TRUE,"reported","textfile",0.0039,"Type 2 diabetes",TRUE,9.26902025056611e-09,"inferred","R7VigS","textfile",2,TRUE,NA
"90","rs1996617","C","T","C","T",0.0289,0.001504194,0.3914,NA,FALSE,FALSE,FALSE,"12T3TW",0.7,0.003909966,"Smoking initiation",TRUE,"reported","textfile",0.004,"Type 2 diabetes",TRUE,5.01101838084677e-13,"inferred","R7VigS","textfile",2,TRUE,NA
"91","rs2032217","G","A","G","A",-0.0268,-0.01075969,0.6671,NA,FALSE,FALSE,FALSE,"12T3TW",0.00624,0.003934132,"Smoking initiation",TRUE,"reported","textfile",0.004,"Type 2 diabetes",TRUE,2.08419539759304e-11,"inferred","R7VigS","textfile",2,TRUE,NA
"92","rs2115107","G","A","G","A",-0.0357,-0.001940557,0.5948,NA,FALSE,FALSE,FALSE,"12T3TW",0.596,0.003660777,"Smoking initiation",TRUE,"reported","textfile",0.0039,"Type 2 diabetes",TRUE,5.49417915449362e-20,"inferred","R7VigS","textfile",2,TRUE,NA
"93","rs2169033","C","T","C","T",-0.0325,-0.002353918,0.34,NA,FALSE,FALSE,FALSE,"12T3TW",0.54,0.003843932,"Smoking initiation",TRUE,"reported","textfile",0.0041,"Type 2 diabetes",TRUE,2.24812030815857e-15,"inferred","R7VigS","textfile",2,TRUE,NA
"94","rs217256","C","T","C","T",0.021,-0.006140938,0.4926,NA,FALSE,FALSE,FALSE,"12T3TW",0.0859,0.003575392,"Smoking initiation",TRUE,"reported","textfile",0.0037,"Type 2 diabetes",TRUE,1.38142290134058e-08,"inferred","R7VigS","textfile",2,TRUE,NA
"95","rs2188848","G","A","G","A",-0.0325,-0.003543335,0.2109,NA,FALSE,FALSE,FALSE,"12T3TW",0.429,0.004478422,"Smoking initiation",TRUE,"reported","textfile",0.0048,"Type 2 diabetes",TRUE,1.28042711277607e-11,"inferred","R7VigS","textfile",2,TRUE,NA
"96","rs2237897","C","T","C","T",0.2199,-0.025337727,0.7624,NA,FALSE,FALSE,FALSE,"12T3TW",0.00336,0.008640093,"Smoking initiation",TRUE,"reported","textfile",0.0068,"Type 2 diabetes",TRUE,2.03045462873784e-229,"inferred","R7VigS","textfile",2,TRUE,NA
"97","rs2240716","C","T","C","T",-0.0262,-0.00247228,0.7069,NA,FALSE,FALSE,FALSE,"12T3TW",0.518,0.003823926,"Smoking initiation",TRUE,"reported","textfile",0.0042,"Type 2 diabetes",TRUE,4.4293097755757e-10,"inferred","R7VigS","textfile",2,TRUE,NA
"98","rs2257883","G","A","G","A",-0.071,-0.009801072,0.7363,NA,FALSE,FALSE,FALSE,"12T3TW",0.063,0.005269089,"Smoking initiation",TRUE,"reported","textfile",0.0049,"Type 2 diabetes",TRUE,1.40559816065165e-47,"inferred","R7VigS","textfile",2,TRUE,NA
"99","rs2269247","C","T","C","T",0.0356,0.001934422,0.8094,NA,FALSE,FALSE,FALSE,"12T3TW",0.671,0.004559477,"Smoking initiation",TRUE,"reported","textfile",0.0049,"Type 2 diabetes",TRUE,3.72194407979889e-13,"inferred","R7VigS","textfile",2,TRUE,NA
"100","rs2408252","C","T","C","T",-0.0264,-0.002148269,0.5375,NA,FALSE,FALSE,FALSE,"12T3TW",0.552,0.003610663,"Smoking initiation",TRUE,"reported","textfile",0.0043,"Type 2 diabetes",TRUE,8.27634487397413e-10,"inferred","R7VigS","textfile",2,TRUE,NA
"101","rs242105","C","A","C","A",0.039,0.005267493,0.4085,NA,FALSE,FALSE,FALSE,"12T3TW",0.183,0.003948153,"Smoking initiation",TRUE,"reported","textfile",0.0059,"Type 2 diabetes",TRUE,3.83880253786634e-11,"inferred","R7VigS","textfile",2,TRUE,NA
"102","rs2482506","C","G","C","G",0.0316,0.020163117,0.2389,NA,FALSE,TRUE,TRUE,"12T3TW",7.55e-07,0.004073565,"Smoking initiation",TRUE,"reported","textfile",0.0045,"Type 2 diabetes",TRUE,2.1836684984004e-12,"inferred","R7VigS","textfile",2,FALSE,NA
"103","rs2513505","A","C","A","C",0.024,-0.007659414,0.4068,NA,FALSE,FALSE,FALSE,"12T3TW",0.0344,0.003618733,"Smoking initiation",TRUE,"reported","textfile",0.0038,"Type 2 diabetes",TRUE,2.68785750506682e-10,"inferred","R7VigS","textfile",2,TRUE,NA
"104","rs2591392","G","A","G","A",0.0306,0.005747614,0.6247,NA,FALSE,FALSE,FALSE,"12T3TW",0.116,0.003657119,"Smoking initiation",TRUE,"reported","textfile",0.0039,"Type 2 diabetes",TRUE,4.28990630881844e-15,"inferred","R7VigS","textfile",2,TRUE,NA
"105","rs2613499","G","A","G","A",-0.0363,-0.023845835,0.199,NA,FALSE,FALSE,FALSE,"12T3TW",1.34e-07,0.00452262,"Smoking initiation",TRUE,"reported","textfile",0.0053,"Type 2 diabetes",TRUE,7.43385809777581e-12,"inferred","R7VigS","textfile",2,TRUE,NA
"106","rs2662390","C","T","C","T",-0.0276,0.002108453,0.7419,NA,FALSE,FALSE,FALSE,"12T3TW",0.663,0.004837123,"Smoking initiation",TRUE,"reported","textfile",0.0048,"Type 2 diabetes",TRUE,8.92434490780322e-09,"inferred","R7VigS","textfile",2,TRUE,NA
"107","rs2723065","G","A","G","A",-0.0422,0.001710101,0.3817,NA,FALSE,FALSE,FALSE,"12T3TW",0.64,0.003662633,"Smoking initiation",TRUE,"reported","textfile",0.0039,"Type 2 diabetes",TRUE,2.75233005920574e-27,"inferred","R7VigS","textfile",2,TRUE,NA
"108","rs2725370","C","T","C","T",-0.0319,-0.009717273,0.7126,NA,FALSE,FALSE,FALSE,"12T3TW",0.0124,0.003886909,"Smoking initiation",TRUE,"reported","textfile",0.0046,"Type 2 diabetes",TRUE,4.06846306844772e-12,"inferred","R7VigS","textfile",2,TRUE,NA
"109","rs2730827","T","C","T","C",0.0279,-0.00203765,0.5145,NA,FALSE,FALSE,FALSE,"12T3TW",0.567,0.003557891,"Smoking initiation",TRUE,"reported","textfile",0.0038,"Type 2 diabetes",TRUE,2.10259920025639e-13,"inferred","R7VigS","textfile",2,TRUE,NA
"110","rs2796441","G","A","G","A",0.0609,0.005283853,0.5596,NA,FALSE,FALSE,FALSE,"12T3TW",0.144,0.003611967,"Smoking initiation",TRUE,"reported","textfile",0.0039,"Type 2 diabetes",TRUE,5.71991514898878e-55,"inferred","R7VigS","textfile",2,TRUE,NA
"111","rs2816177","G","A","G","A",0.0224,-0.001870553,0.3994,NA,FALSE,FALSE,FALSE,"12T3TW",0.605,0.003613287,"Smoking initiation",TRUE,"reported","textfile",0.0039,"Type 2 diabetes",TRUE,9.26902025056611e-09,"inferred","R7VigS","textfile",2,TRUE,NA
"112","rs28408270","G","T","G","T",0.0239,0.00674045,0.4896,NA,FALSE,FALSE,FALSE,"12T3TW",0.0583,0.003562439,"Smoking initiation",TRUE,"reported","textfile",0.0039,"Type 2 diabetes",TRUE,8.8875956583779e-10,"inferred","R7VigS","textfile",2,TRUE,NA
"113","rs28642213","G","A","G","A",0.0822,0.006008454,0.7572,NA,FALSE,FALSE,FALSE,"12T3TW",0.14,0.004078804,"Smoking initiation",TRUE,"reported","textfile",0.0047,"Type 2 diabetes",TRUE,1.72680490163272e-68,"inferred","R7VigS","textfile",2,TRUE,NA
"114","rs28758542","G","A","G","A",-0.0256,0.006416606,0.3408,NA,FALSE,FALSE,FALSE,"12T3TW",0.0925,0.003814277,"Smoking initiation",TRUE,"reported","textfile",0.0042,"Type 2 diabetes",TRUE,1.09274684059102e-09,"inferred","R7VigS","textfile",2,TRUE,NA
"115","rs28792187","G","A","G","A",0.0414,0.013242568,0.0729,NA,FALSE,FALSE,FALSE,"12T3TW",0.064,0.007150315,"Smoking initiation",TRUE,"reported","textfile",0.0076,"Type 2 diabetes",TRUE,5.11205057488638e-08,"inferred","R7VigS","textfile",2,TRUE,NA
"116","rs2943650","C","T","C","T",-0.0805,0.005420921,0.3616,NA,FALSE,FALSE,FALSE,"12T3TW",0.142,0.003688469,"Smoking initiation",TRUE,"reported","textfile",0.0042,"Type 2 diabetes",TRUE,7.02696029422125e-82,"inferred","R7VigS","textfile",2,TRUE,NA
"117","rs303760","C","T","C","T",-0.0334,0.008483686,0.6887,NA,FALSE,FALSE,FALSE,"12T3TW",0.0232,0.003734735,"Smoking initiation",TRUE,"reported","textfile",0.0044,"Type 2 diabetes",TRUE,3.17668777472854e-14,"inferred","R7VigS","textfile",2,TRUE,NA
"118","rs305686","C","T","C","T",0.0294,-0.001157197,0.6267,NA,FALSE,FALSE,FALSE,"12T3TW",0.755,0.003705995,"Smoking initiation",TRUE,"reported","textfile",0.0053,"Type 2 diabetes",TRUE,2.90330739458877e-08,"inferred","R7VigS","textfile",2,TRUE,NA
"119","rs3122231","C","T","C","T",0.0271,-0.001599915,0.6586,NA,FALSE,FALSE,FALSE,"12T3TW",0.669,0.003750258,"Smoking initiation",TRUE,"reported","textfile",0.0044,"Type 2 diabetes",TRUE,7.31637200825911e-10,"inferred","R7VigS","textfile",2,TRUE,NA
"120","rs3130931","C","T","C","T",0.0482,-0.006309981,0.6765,NA,FALSE,FALSE,FALSE,"12T3TW",0.101,0.003847263,"Smoking initiation",TRUE,"reported","textfile",0.0041,"Type 2 diabetes",TRUE,6.57014234771884e-32,"inferred","R7VigS","textfile",2,TRUE,NA
"121","rs314879","C","T","C","T",0.0364,0.000852399,0.2288,NA,FALSE,FALSE,FALSE,"12T3TW",0.844,0.0043274,"Smoking initiation",TRUE,"reported","textfile",0.0046,"Type 2 diabetes",TRUE,2.51171589169372e-15,"inferred","R7VigS","textfile",2,TRUE,NA
"122","rs329118","C","T","C","T",-0.0281,0.013359562,0.5849,NA,FALSE,FALSE,FALSE,"12T3TW",0.000207,0.003596273,"Smoking initiation",TRUE,"reported","textfile",0.0038,"Type 2 diabetes",TRUE,1.41688597408963e-13,"inferred","R7VigS","textfile",2,TRUE,NA
"123","rs340874","C","T","C","T",0.0543,-0.001459558,0.4991,NA,FALSE,FALSE,FALSE,"12T3TW",0.684,0.003582345,"Smoking initiation",TRUE,"reported","textfile",0.0039,"Type 2 diabetes",TRUE,4.58722783199128e-44,"inferred","R7VigS","textfile",2,TRUE,NA
"124","rs34506349","G","A","G","A",0.0665,-0.006390613,0.9609,NA,FALSE,FALSE,FALSE,"12T3TW",0.473,0.008913761,"Smoking initiation",TRUE,"reported","textfile",0.0116,"Type 2 diabetes",TRUE,9.88102057040751e-09,"inferred","R7VigS","textfile",2,TRUE,NA
"125","rs34584161","G","A","G","A",-0.0565,0.001130231,0.2837,NA,FALSE,FALSE,FALSE,"12T3TW",0.787,0.004174602,"Smoking initiation",TRUE,"reported","textfile",0.0044,"Type 2 diabetes",TRUE,9.6731844600947e-38,"inferred","R7VigS","textfile",2,TRUE,NA
"126","rs348330","G","A","G","A",0.0497,0.000402085,0.4544,NA,FALSE,FALSE,FALSE,"12T3TW",0.914,0.003701494,"Smoking initiation",TRUE,"reported","textfile",0.0054,"Type 2 diabetes",TRUE,3.45819931205687e-20,"inferred","R7VigS","textfile",2,TRUE,NA
"127","rs35011184","G","A","G","A",-0.2508,-0.008415878,0.7797,NA,FALSE,FALSE,FALSE,"12T3TW",0.0477,0.00425066,"Smoking initiation",TRUE,"reported","textfile",0.005,"Type 2 diabetes",TRUE,0,"inferred","R7VigS","textfile",2,TRUE,NA
"128","rs35753840","C","A","C","A",0.0254,-0.003541598,0.34,NA,FALSE,FALSE,FALSE,"12T3TW",0.334,0.003662633,"Smoking initiation",TRUE,"reported","textfile",0.0042,"Type 2 diabetes",TRUE,1.4700203976131e-09,"inferred","R7VigS","textfile",2,TRUE,NA
"129","rs35895680","C","A","C","A",0.0499,0.008037108,0.7066,NA,FALSE,FALSE,FALSE,"12T3TW",0.0357,0.003827194,"Smoking initiation",TRUE,"reported","textfile",0.0047,"Type 2 diabetes",TRUE,2.48360063990865e-26,"inferred","R7VigS","textfile",2,TRUE,NA
"130","rs3744347","G","A","G","A",-0.0301,-0.001293589,0.253,NA,FALSE,FALSE,FALSE,"12T3TW",0.769,0.004395793,"Smoking initiation",TRUE,"reported","textfile",0.0046,"Type 2 diabetes",TRUE,6.01042252328072e-11,"inferred","R7VigS","textfile",2,TRUE,NA
"131","rs3747207","G","A","G","A",-0.0412,0.016057815,0.7178,NA,FALSE,FALSE,FALSE,"12T3TW",0.000185,0.004291632,"Smoking initiation",TRUE,"reported","textfile",0.0044,"Type 2 diabetes",TRUE,7.70386200805208e-21,"inferred","R7VigS","textfile",2,TRUE,NA
"132","rs3751239","G","C","G","C",-0.0687,0.000479335,0.2193,NA,FALSE,TRUE,TRUE,"12T3TW",0.915,0.004469822,"Smoking initiation",TRUE,"reported","textfile",0.0047,"Type 2 diabetes",TRUE,2.18764160188669e-48,"inferred","R7VigS","textfile",2,FALSE,NA
"133","rs3753693","C","T","C","T",0.0255,0.0082148,0.549,NA,FALSE,FALSE,FALSE,"12T3TW",0.0228,0.003609376,"Smoking initiation",TRUE,"reported","textfile",0.004,"Type 2 diabetes",TRUE,1.82962951672173e-10,"inferred","R7VigS","textfile",2,TRUE,NA
"134","rs3798519","C","A","C","A",0.0474,-0.001094632,0.2086,NA,FALSE,FALSE,FALSE,"12T3TW",0.813,0.004617425,"Smoking initiation",TRUE,"reported","textfile",0.0047,"Type 2 diabetes",TRUE,6.42954997849619e-24,"inferred","R7VigS","textfile",2,TRUE,NA
"135","rs3828242","G","A","G","A",-0.0252,-0.005832973,0.2696,NA,FALSE,FALSE,FALSE,"12T3TW",0.136,0.003906048,"Smoking initiation",TRUE,"reported","textfile",0.0043,"Type 2 diabetes",TRUE,4.61572496378525e-09,"inferred","R7VigS","textfile",2,TRUE,NA
"136","rs3872707","G","A","G","A",-0.037,-0.008077318,0.844,NA,FALSE,FALSE,FALSE,"12T3TW",0.153,0.005655254,"Smoking initiation",TRUE,"reported","textfile",0.0054,"Type 2 diabetes",TRUE,7.29000336178133e-12,"inferred","R7VigS","textfile",2,TRUE,NA
"137","rs3887059","G","A","G","A",-0.0295,0.003090814,0.7364,NA,FALSE,FALSE,FALSE,"12T3TW",0.445,0.004047982,"Smoking initiation",TRUE,"reported","textfile",0.0043,"Type 2 diabetes",TRUE,6.86367033864492e-12,"inferred","R7VigS","textfile",2,TRUE,NA
"138","rs410150","C","T","C","T",0.0289,0.001516389,0.2139,NA,FALSE,FALSE,FALSE,"12T3TW",0.73,0.004395793,"Smoking initiation",TRUE,"reported","textfile",0.0048,"Type 2 diabetes",TRUE,1.73521361682374e-09,"inferred","R7VigS","textfile",2,TRUE,NA
"139","rs4129858","G","A","G","A",0.0223,-0.008313126,0.4167,NA,FALSE,FALSE,FALSE,"12T3TW",0.021,0.003600814,"Smoking initiation",TRUE,"reported","textfile",0.0038,"Type 2 diabetes",TRUE,4.39964802023513e-09,"inferred","R7VigS","textfile",2,TRUE,NA
"140","rs41304257","G","A","G","A",-0.0318,-0.010193455,0.2441,NA,FALSE,FALSE,FALSE,"12T3TW",0.0107,0.00399513,"Smoking initiation",TRUE,"reported","textfile",0.0047,"Type 2 diabetes",TRUE,1.32430466807606e-11,"inferred","R7VigS","textfile",2,TRUE,NA
"141","rs4252505","G","A","G","A",0.0413,-0.007918979,0.1846,NA,FALSE,FALSE,FALSE,"12T3TW",0.267,0.007140303,"Smoking initiation",TRUE,"reported","textfile",0.007,"Type 2 diabetes",TRUE,3.63501572619886e-09,"inferred","R7VigS","textfile",2,TRUE,NA
"142","rs429358","C","T","C","T",-0.0585,-0.006225019,0.1469,NA,FALSE,FALSE,FALSE,"12T3TW",0.232,0.005205623,"Smoking initiation",TRUE,"reported","textfile",0.0055,"Type 2 diabetes",TRUE,2.0185406442e-26,"inferred","R7VigS","textfile",2,TRUE,NA
"143","rs4343858","G","A","G","A",0.0295,0.000521131,0.7216,NA,FALSE,FALSE,FALSE,"12T3TW",0.904,0.004312909,"Smoking initiation",TRUE,"reported","textfile",0.0045,"Type 2 diabetes",TRUE,5.54351060252276e-11,"inferred","R7VigS","textfile",2,TRUE,NA
"144","rs4440243","C","T","C","T",-0.0246,0.001151314,0.4217,NA,FALSE,FALSE,FALSE,"12T3TW",0.747,0.003570073,"Smoking initiation",TRUE,"reported","textfile",0.0043,"Type 2 diabetes",TRUE,1.05942397027085e-08,"inferred","R7VigS","textfile",2,TRUE,NA
"145","rs4482463","C","A","C","A",0.0316,0.005242424,0.2443,NA,FALSE,FALSE,FALSE,"12T3TW",0.424,0.00655303,"Smoking initiation",TRUE,"reported","textfile",0.0056,"Type 2 diabetes",TRUE,1.67251118030662e-08,"inferred","R7VigS","textfile",2,TRUE,NA
"146","rs464605","C","T","C","T",-0.07,-0.011564098,0.3465,NA,FALSE,FALSE,FALSE,"12T3TW",0.00442,0.00406321,"Smoking initiation",TRUE,"reported","textfile",0.0041,"Type 2 diabetes",TRUE,2.35078738858952e-65,"inferred","R7VigS","textfile",2,TRUE,NA
"147","rs4671799","G","A","G","A",-0.0262,0.006169852,0.6669,NA,FALSE,FALSE,FALSE,"12T3TW",0.121,0.003982623,"Smoking initiation",TRUE,"reported","textfile",0.004,"Type 2 diabetes",TRUE,5.75370834720866e-11,"inferred","R7VigS","textfile",2,TRUE,NA
"148","rs4673712","C","T","C","T",-0.0269,-0.004954374,0.2897,NA,FALSE,FALSE,FALSE,"12T3TW",0.197,0.00383381,"Smoking initiation",TRUE,"reported","textfile",0.0045,"Type 2 diabetes",TRUE,2.26202008861287e-09,"inferred","R7VigS","textfile",2,TRUE,NA
"149","rs4709746","C","T","C","T",0.0565,0.00314121,0.866,NA,FALSE,FALSE,FALSE,"12T3TW",0.548,0.00523535,"Smoking initiation",TRUE,"reported","textfile",0.0059,"Type 2 diabetes",TRUE,1.0061189207293e-21,"inferred","R7VigS","textfile",2,TRUE,NA
"150","rs4777857","G","A","G","A",0.0255,0.003514578,0.4391,NA,FALSE,FALSE,FALSE,"12T3TW",0.339,0.003672192,"Smoking initiation",TRUE,"reported","textfile",0.0039,"Type 2 diabetes",TRUE,6.21548643321082e-11,"inferred","R7VigS","textfile",2,TRUE,NA
"151","rs4805881","C","A","C","A",-0.0379,0.010652158,0.6207,NA,FALSE,FALSE,FALSE,"12T3TW",0.00482,0.003777931,"Smoking initiation",TRUE,"reported","textfile",0.0039,"Type 2 diabetes",TRUE,2.52823207599003e-22,"inferred","R7VigS","textfile",2,TRUE,NA
"152","rs4810145","C","T","C","T",0.0303,0.008111431,0.5221,NA,FALSE,FALSE,FALSE,"12T3TW",0.0231,0.003570858,"Smoking initiation",TRUE,"reported","textfile",0.0038,"Type 2 diabetes",TRUE,1.54012770576476e-15,"inferred","R7VigS","textfile",2,TRUE,NA
"153","rs4832290","C","T","C","T",-0.0267,-0.000923952,0.7645,NA,FALSE,FALSE,FALSE,"12T3TW",0.828,0.004257346,"Smoking initiation",TRUE,"reported","textfile",0.0049,"Type 2 diabetes",TRUE,5.06596252931519e-08,"inferred","R7VigS","textfile",2,TRUE,NA
"154","rs4833687","C","T","C","T",-0.0267,0.015822993,0.7415,NA,FALSE,FALSE,FALSE,"12T3TW",6.8e-05,0.003968168,"Smoking initiation",TRUE,"reported","textfile",0.0045,"Type 2 diabetes",TRUE,2.96845318474291e-09,"inferred","R7VigS","textfile",2,TRUE,NA
"155","rs4834232","C","T","C","T",-0.0272,0.000749583,0.787,NA,FALSE,FALSE,FALSE,"12T3TW",0.86,0.004257346,"Smoking initiation",TRUE,"reported","textfile",0.0047,"Type 2 diabetes",TRUE,7.15548508365847e-09,"inferred","R7VigS","textfile",2,TRUE,NA
"156","rs4865796","G","A","G","A",-0.0481,0.002535914,0.2906,NA,FALSE,FALSE,FALSE,"12T3TW",0.509,0.003840531,"Smoking initiation",TRUE,"reported","textfile",0.0042,"Type 2 diabetes",TRUE,2.28774070914198e-30,"inferred","R7VigS","textfile",2,TRUE,NA
"157","rs4902002","G","A","G","A",0.0246,0.000711355,0.3474,NA,FALSE,FALSE,FALSE,"12T3TW",0.857,0.00393983,"Smoking initiation",TRUE,"reported","textfile",0.0041,"Type 2 diabetes",TRUE,1.9731752900754e-09,"inferred","R7VigS","textfile",2,TRUE,NA
"158","rs4906272","C","T","C","T",-0.0299,-0.014459542,0.7332,NA,FALSE,FALSE,FALSE,"12T3TW",0.00284,0.004844129,"Smoking initiation",TRUE,"reported","textfile",0.0046,"Type 2 diabetes",TRUE,8.03200116771824e-11,"inferred","R7VigS","textfile",2,TRUE,NA
"159","rs4923864","G","A","G","A",0.0568,0.002276372,0.6905,NA,FALSE,FALSE,FALSE,"12T3TW",0.746,0.007025036,"Smoking initiation",TRUE,"reported","textfile",0.0061,"Type 2 diabetes",TRUE,1.26068761396508e-20,"inferred","R7VigS","textfile",2,TRUE,NA
"160","rs4929965","G","A","G","A",-0.0676,0.003810236,0.6147,NA,FALSE,FALSE,FALSE,"12T3TW",0.298,0.003666401,"Smoking initiation",TRUE,"reported","textfile",0.0042,"Type 2 diabetes",TRUE,2.75509607422694e-58,"inferred","R7VigS","textfile",2,TRUE,NA
"161","rs501470","G","T","G","T",-0.032,0.003000746,0.4559,NA,FALSE,FALSE,FALSE,"12T3TW",0.399,0.003558725,"Smoking initiation",TRUE,"reported","textfile",0.0038,"Type 2 diabetes",TRUE,3.73116592069657e-17,"inferred","R7VigS","textfile",2,TRUE,NA
"162","rs529565","C","T","C","T",0.0415,3e-05,0.3648,NA,FALSE,FALSE,FALSE,"12T3TW",0.994,0.003957835,"Smoking initiation",TRUE,"reported","textfile",0.0039,"Type 2 diabetes",TRUE,1.92004066004867e-26,"inferred","R7VigS","textfile",2,TRUE,NA
"163","rs529623","C","T","C","T",-0.0224,-0.002424544,0.4961,NA,FALSE,FALSE,FALSE,"12T3TW",0.496,0.003559353,"Smoking initiation",TRUE,"reported","textfile",0.0038,"Type 2 diabetes",TRUE,3.75278972594908e-09,"inferred","R7VigS","textfile",2,TRUE,NA
"164","rs539515","C","A","C","A",0.0358,0.012114211,0.2066,NA,FALSE,FALSE,FALSE,"12T3TW",0.00604,0.004411735,"Smoking initiation",TRUE,"reported","textfile",0.0046,"Type 2 diabetes",TRUE,7.1044117485605e-15,"inferred","R7VigS","textfile",2,TRUE,NA
"165","rs55691245","G","A","G","A",0.0561,0.00610537,0.8671,NA,FALSE,FALSE,FALSE,"12T3TW",0.234,0.005123513,"Smoking initiation",TRUE,"reported","textfile",0.0064,"Type 2 diabetes",TRUE,1.85743315434954e-18,"inferred","R7VigS","textfile",2,TRUE,NA
"166","rs55857387","C","T","C","T",-0.0441,-0.001335512,0.2537,NA,FALSE,FALSE,FALSE,"12T3TW",0.769,0.004540877,"Smoking initiation",TRUE,"reported","textfile",0.0046,"Type 2 diabetes",TRUE,9.07216095301847e-22,"inferred","R7VigS","textfile",2,TRUE,NA
"167","rs56243018","C","A","C","A",-0.0833,0.003359017,0.046,NA,FALSE,FALSE,FALSE,"12T3TW",0.683,0.008219662,"Smoking initiation",TRUE,"reported","textfile",0.0104,"Type 2 diabetes",TRUE,1.1506773528549e-15,"inferred","R7VigS","textfile",2,TRUE,NA
"168","rs56348580","G","C","G","C",0.0507,0.010711932,0.7058,NA,FALSE,TRUE,TRUE,"12T3TW",0.00548,0.003857808,"Smoking initiation",TRUE,"reported","textfile",0.0047,"Type 2 diabetes",TRUE,3.95514462217019e-27,"inferred","R7VigS","textfile",2,FALSE,NA
"169","rs56392746","G","A","G","A",0.0579,0.000690295,0.9169,NA,FALSE,FALSE,FALSE,"12T3TW",0.912,0.006275413,"Smoking initiation",TRUE,"reported","textfile",0.0076,"Type 2 diabetes",TRUE,2.56797469800252e-14,"inferred","R7VigS","textfile",2,TRUE,NA
"170","rs57767539","G","A","G","A",-0.0622,-0.006476693,0.9362,NA,FALSE,FALSE,FALSE,"12T3TW",0.371,0.007232129,"Smoking initiation",TRUE,"reported","textfile",0.0091,"Type 2 diabetes",TRUE,8.19107902081276e-12,"inferred","R7VigS","textfile",2,TRUE,NA
"171","rs58542926","C","T","C","T",-0.0721,-0.002298897,0.9258,NA,FALSE,FALSE,FALSE,"12T3TW",0.732,0.006720888,"Smoking initiation",TRUE,"reported","textfile",0.0072,"Type 2 diabetes",TRUE,1.32441696156929e-23,"inferred","R7VigS","textfile",2,TRUE,NA
"172","rs59489841","C","T","C","T",0.0235,-2.93e-05,0.7015,NA,FALSE,FALSE,FALSE,"12T3TW",0.994,0.004078804,"Smoking initiation",TRUE,"reported","textfile",0.0042,"Type 2 diabetes",TRUE,2.20319204469286e-08,"inferred","R7VigS","textfile",2,TRUE,NA
"173","rs59646751","G","T","G","T",-0.0241,-0.008740192,0.6929,NA,FALSE,FALSE,FALSE,"12T3TW",0.0229,0.003843932,"Smoking initiation",TRUE,"reported","textfile",0.0041,"Type 2 diabetes",TRUE,4.15130600099899e-09,"inferred","R7VigS","textfile",2,TRUE,NA
"174","rs6011155","C","T","C","T",-0.0284,-0.010297436,0.4137,NA,FALSE,FALSE,FALSE,"12T3TW",0.0052,0.003684712,"Smoking initiation",TRUE,"reported","textfile",0.0039,"Type 2 diabetes",TRUE,3.28782037806988e-13,"inferred","R7VigS","textfile",2,TRUE,NA
"175","rs6021276","C","T","C","T",-0.0283,0.002703233,0.6262,NA,FALSE,FALSE,FALSE,"12T3TW",0.466,0.003709678,"Smoking initiation",TRUE,"reported","textfile",0.004,"Type 2 diabetes",TRUE,1.49448760794779e-12,"inferred","R7VigS","textfile",2,TRUE,NA
"176","rs60251368","G","A","G","A",0.0549,0.017685157,0.0681,NA,FALSE,FALSE,FALSE,"12T3TW",0.0181,0.007480024,"Smoking initiation",TRUE,"reported","textfile",0.0078,"Type 2 diabetes",TRUE,1.94373937484561e-12,"inferred","R7VigS","textfile",2,TRUE,NA
"177","rs6059662","G","A","G","A",0.0369,-0.004008582,0.6963,NA,FALSE,FALSE,FALSE,"12T3TW",0.29,0.003787754,"Smoking initiation",TRUE,"reported","textfile",0.0043,"Type 2 diabetes",TRUE,9.37291372307882e-18,"inferred","R7VigS","textfile",2,TRUE,NA
"178","rs6066138","G","A","G","A",0.042,0.002003934,0.7376,NA,FALSE,FALSE,FALSE,"12T3TW",0.616,0.003991931,"Smoking initiation",TRUE,"reported","textfile",0.0047,"Type 2 diabetes",TRUE,4.02891200757724e-19,"inferred","R7VigS","textfile",2,TRUE,NA
"179","rs6137042","G","A","G","A",0.0263,0.005630511,0.697,NA,FALSE,FALSE,FALSE,"12T3TW",0.206,0.00445131,"Smoking initiation",TRUE,"reported","textfile",0.0047,"Type 2 diabetes",TRUE,2.19676788498442e-08,"inferred","R7VigS","textfile",2,TRUE,NA
"180","rs61779284","G","A","G","A",-0.0703,-0.000230123,0.7976,NA,FALSE,FALSE,FALSE,"12T3TW",0.958,0.004372398,"Smoking initiation",TRUE,"reported","textfile",0.0048,"Type 2 diabetes",TRUE,1.43234268754619e-48,"inferred","R7VigS","textfile",2,TRUE,NA
"181","rs61817176","C","A","C","A",-0.0263,0.004569023,0.4527,NA,FALSE,FALSE,FALSE,"12T3TW",0.199,0.00355698,"Smoking initiation",TRUE,"reported","textfile",0.004,"Type 2 diabetes",TRUE,4.86531680212979e-11,"inferred","R7VigS","textfile",2,TRUE,NA
"182","rs61967710","G","A","G","A",-0.0554,-0.02284437,0.9413,NA,FALSE,FALSE,FALSE,"12T3TW",0.0259,0.010257425,"Smoking initiation",TRUE,"reported","textfile",0.0099,"Type 2 diabetes",TRUE,2.19404798067498e-08,"inferred","R7VigS","textfile",2,TRUE,NA
"183","rs62618693","C","T","C","T",0.0819,0.040604253,0.9582,NA,FALSE,FALSE,FALSE,"12T3TW",2.99e-06,0.008696476,"Smoking initiation",TRUE,"reported","textfile",0.0111,"Type 2 diabetes",TRUE,1.60229062543862e-13,"inferred","R7VigS","textfile",2,TRUE,NA
"184","rs6538805","C","T","C","T",-0.0303,0.002086403,0.4736,NA,FALSE,FALSE,FALSE,"12T3TW",0.566,0.003631962,"Smoking initiation",TRUE,"reported","textfile",0.0039,"Type 2 diabetes",TRUE,7.89641908519938e-15,"inferred","R7VigS","textfile",2,TRUE,NA
"185","rs6549112","G","T","G","T",-0.0268,-0.001677999,0.3328,NA,FALSE,FALSE,FALSE,"12T3TW",0.65,0.003697073,"Smoking initiation",TRUE,"reported","textfile",0.004,"Type 2 diabetes",TRUE,2.08419539759304e-11,"inferred","R7VigS","textfile",2,TRUE,NA
"186","rs6565922","C","T","C","T",-0.0279,0.002135582,0.5752,NA,FALSE,FALSE,FALSE,"12T3TW",0.559,0.003657119,"Smoking initiation",TRUE,"reported","textfile",0.0039,"Type 2 diabetes",TRUE,8.43796311771054e-13,"inferred","R7VigS","textfile",2,TRUE,NA
"187","rs6567160","C","T","C","T",0.0539,0.002382965,0.2362,NA,FALSE,FALSE,FALSE,"12T3TW",0.57,0.004192919,"Smoking initiation",TRUE,"reported","textfile",0.0044,"Type 2 diabetes",TRUE,1.67995921272668e-34,"inferred","R7VigS","textfile",2,TRUE,NA
"188","rs667920","G","T","G","T",-0.0324,-0.003614311,0.2332,NA,FALSE,FALSE,FALSE,"12T3TW",0.395,0.00425066,"Smoking initiation",TRUE,"reported","textfile",0.0045,"Type 2 diabetes",TRUE,6.02125596223487e-13,"inferred","R7VigS","textfile",2,TRUE,NA
"189","rs6712905","C","T","C","T",0.0279,0.014365617,0.3181,NA,FALSE,FALSE,FALSE,"12T3TW",0.000405,0.00406321,"Smoking initiation",TRUE,"reported","textfile",0.0042,"Type 2 diabetes",TRUE,3.07660007038028e-11,"inferred","R7VigS","textfile",2,TRUE,NA
"190","rs6714523","G","A","G","A",-0.0401,0.005314831,0.8807,NA,FALSE,FALSE,FALSE,"12T3TW",0.333,0.005490598,"Smoking initiation",TRUE,"reported","textfile",0.0061,"Type 2 diabetes",TRUE,4.90568292532236e-11,"inferred","R7VigS","textfile",2,TRUE,NA
"191","rs6716394","G","A","G","A",0.0275,-0.011678015,0.4844,NA,FALSE,FALSE,FALSE,"12T3TW",0.00107,0.003570073,"Smoking initiation",TRUE,"reported","textfile",0.0037,"Type 2 diabetes",TRUE,1.06618568506236e-13,"inferred","R7VigS","textfile",2,TRUE,NA
"192","rs67269808","G","A","G","A",-0.0731,0.004747687,0.0722,NA,FALSE,FALSE,FALSE,"12T3TW",0.517,0.007317134,"Smoking initiation",TRUE,"reported","textfile",0.0078,"Type 2 diabetes",TRUE,7.13094001379812e-21,"inferred","R7VigS","textfile",2,TRUE,NA
"193","rs6741676","G","A","G","A",-0.0324,0.000366742,0.3067,NA,FALSE,FALSE,FALSE,"12T3TW",0.923,0.003786688,"Smoking initiation",TRUE,"reported","textfile",0.0042,"Type 2 diabetes",TRUE,1.21661654905094e-14,"inferred","R7VigS","textfile",2,TRUE,NA
"194","rs6777684","G","A","G","A",0.0548,-0.004123717,0.6279,NA,FALSE,FALSE,FALSE,"12T3TW",0.259,0.003644885,"Smoking initiation",TRUE,"reported","textfile",0.0044,"Type 2 diabetes",TRUE,1.32101971716494e-35,"inferred","R7VigS","textfile",2,TRUE,NA
"195","rs6792892","C","T","C","T",0.0306,0.009659128,0.4822,NA,FALSE,FALSE,FALSE,"12T3TW",0.00667,0.003560402,"Smoking initiation",TRUE,"reported","textfile",0.004,"Type 2 diabetes",TRUE,2.00979313130528e-14,"inferred","R7VigS","textfile",2,TRUE,NA
"196","rs6813195","C","T","C","T",0.0463,0.005409326,0.6486,NA,FALSE,FALSE,FALSE,"12T3TW",0.174,0.003977015,"Smoking initiation",TRUE,"reported","textfile",0.004,"Type 2 diabetes",TRUE,5.51712594348688e-31,"inferred","R7VigS","textfile",2,TRUE,NA
"197","rs6870983","C","T","C","T",0.0287,0.013503125,0.7415,NA,FALSE,FALSE,FALSE,"12T3TW",0.00209,0.004387926,"Smoking initiation",TRUE,"reported","textfile",0.0049,"Type 2 diabetes",TRUE,4.70898043667379e-09,"inferred","R7VigS","textfile",2,TRUE,NA
"198","rs6885157","G","T","G","T",0.0372,0.000856867,0.7828,NA,FALSE,FALSE,FALSE,"12T3TW",0.877,0.005531053,"Smoking initiation",TRUE,"reported","textfile",0.0068,"Type 2 diabetes",TRUE,4.48544324636185e-08,"inferred","R7VigS","textfile",2,TRUE,NA
"199","rs6946660","C","T","C","T",-0.0472,-0.004657255,0.4145,NA,FALSE,FALSE,FALSE,"12T3TW",0.215,0.003752923,"Smoking initiation",TRUE,"reported","textfile",0.0039,"Type 2 diabetes",TRUE,1.02363087844609e-33,"inferred","R7VigS","textfile",2,TRUE,NA
"200","rs6956980","C","T","C","T",0.0284,0.002018885,0.4669,NA,FALSE,FALSE,FALSE,"12T3TW",0.571,0.003563355,"Smoking initiation",TRUE,"reported","textfile",0.0038,"Type 2 diabetes",TRUE,7.79801478206064e-14,"inferred","R7VigS","textfile",2,TRUE,NA
"201","rs697239","C","T","C","T",-0.0587,0.00275983,0.4453,NA,FALSE,FALSE,FALSE,"12T3TW",0.439,0.003565898,"Smoking initiation",TRUE,"reported","textfile",0.0038,"Type 2 diabetes",TRUE,7.85870412083021e-54,"inferred","R7VigS","textfile",2,TRUE,NA
"202","rs6975279","C","A","C","A",-0.0431,0.023370988,0.7117,NA,FALSE,FALSE,FALSE,"12T3TW",9.39e-09,0.004068367,"Smoking initiation",TRUE,"reported","textfile",0.0042,"Type 2 diabetes",TRUE,1.04622369589744e-24,"inferred","R7VigS","textfile",2,TRUE,NA
"203","rs6976111","C","A","C","A",-0.0258,-0.026731044,0.7218,NA,FALSE,FALSE,FALSE,"12T3TW",3.99e-11,0.0040483,"Smoking initiation",TRUE,"reported","textfile",0.0046,"Type 2 diabetes",TRUE,2.03857151272732e-08,"inferred","R7VigS","textfile",2,TRUE,NA
"204","rs7029718","G","A","G","A",-0.0273,0.001086204,0.596,NA,FALSE,FALSE,FALSE,"12T3TW",0.764,0.003610663,"Smoking initiation",TRUE,"reported","textfile",0.0039,"Type 2 diabetes",TRUE,2.55962508777165e-12,"inferred","R7VigS","textfile",2,TRUE,NA
"205","rs7132908","A","G","A","G",0.0297,-0.004086769,0.6431,NA,FALSE,FALSE,FALSE,"12T3TW",0.264,0.003655318,"Smoking initiation",TRUE,"reported","textfile",0.004,"Type 2 diabetes",TRUE,1.12779915086771e-13,"inferred","R7VigS","textfile",2,TRUE,NA
"206","rs7147483","C","T","C","T",-0.0352,0.005358851,0.3364,NA,FALSE,FALSE,FALSE,"12T3TW",0.188,0.004074259,"Smoking initiation",TRUE,"reported","textfile",0.0041,"Type 2 diabetes",TRUE,9.05478056501352e-18,"inferred","R7VigS","textfile",2,TRUE,NA
"207","rs71495046","C","A","C","A",0.0399,0.005620318,0.121,NA,FALSE,FALSE,FALSE,"12T3TW",0.379,0.006388376,"Smoking initiation",TRUE,"reported","textfile",0.0063,"Type 2 diabetes",TRUE,2.39920452311641e-10,"inferred","R7VigS","textfile",2,TRUE,NA
"208","rs7156625","G","A","G","A",-0.053,0.010320884,0.7662,NA,FALSE,FALSE,FALSE,"12T3TW",0.0168,0.004319156,"Smoking initiation",TRUE,"reported","textfile",0.0049,"Type 2 diabetes",TRUE,2.88094251024041e-27,"inferred","R7VigS","textfile",2,TRUE,NA
"209","rs7163757","C","T","C","T",0.043,-0.002625152,0.5556,NA,FALSE,FALSE,FALSE,"12T3TW",0.464,0.003582345,"Smoking initiation",TRUE,"reported","textfile",0.0038,"Type 2 diabetes",TRUE,1.09611144818225e-29,"inferred","R7VigS","textfile",2,TRUE,NA
"210","rs7178762","C","T","C","T",0.0323,-0.002266179,0.4889,NA,FALSE,FALSE,FALSE,"12T3TW",0.525,0.00356536,"Smoking initiation",TRUE,"reported","textfile",0.0041,"Type 2 diabetes",TRUE,3.32532906752866e-15,"inferred","R7VigS","textfile",2,TRUE,NA
"211","rs7224711","C","T","C","T",0.0307,-0.007005653,0.5196,NA,FALSE,FALSE,FALSE,"12T3TW",0.0491,0.003561173,"Smoking initiation",TRUE,"reported","textfile",0.0038,"Type 2 diabetes",TRUE,6.53282127153289e-16,"inferred","R7VigS","textfile",2,TRUE,NA
"212","rs7227272","G","A","G","A",0.0408,0.021145109,0.8229,NA,FALSE,FALSE,FALSE,"12T3TW",0.000462,0.006029168,"Smoking initiation",TRUE,"reported","textfile",0.0056,"Type 2 diabetes",TRUE,3.1997044565694e-13,"inferred","R7VigS","textfile",2,TRUE,NA
"213","rs723355","G","A","G","A",0.0237,0.006360706,0.5624,NA,FALSE,FALSE,FALSE,"12T3TW",0.0742,0.003561312,"Smoking initiation",TRUE,"reported","textfile",0.0039,"Type 2 diabetes",TRUE,1.22510493623859e-09,"inferred","R7VigS","textfile",2,TRUE,NA
"214","rs7240767","C","T","C","T",0.034,0.001814775,0.4776,NA,FALSE,FALSE,FALSE,"12T3TW",0.62,0.003658939,"Smoking initiation",TRUE,"reported","textfile",0.0051,"Type 2 diabetes",TRUE,2.6167849372106e-11,"inferred","R7VigS","textfile",2,TRUE,NA
"215","rs7274134","C","T","C","T",0.0247,-0.007849568,0.6695,NA,FALSE,FALSE,FALSE,"12T3TW",0.0571,0.004125641,"Smoking initiation",TRUE,"reported","textfile",0.0041,"Type 2 diabetes",TRUE,1.6974834841631e-09,"inferred","R7VigS","textfile",2,TRUE,NA
"216","rs72802365","G","C","G","C",0.1074,0.001801382,0.928,NA,FALSE,TRUE,TRUE,"12T3TW",0.788,0.006708699,"Smoking initiation",TRUE,"reported","textfile",0.008,"Type 2 diabetes",TRUE,4.31584359874468e-41,"inferred","R7VigS","textfile",2,FALSE,NA
"217","rs730497","G","A","G","A",-0.0552,-0.005435533,0.8275,NA,FALSE,FALSE,FALSE,"12T3TW",0.273,0.00496194,"Smoking initiation",TRUE,"reported","textfile",0.005,"Type 2 diabetes",TRUE,2.45033164028493e-28,"inferred","R7VigS","textfile",2,TRUE,NA
"218","rs730831","G","T","G","T",-0.0878,0.017649421,0.1945,NA,FALSE,FALSE,FALSE,"12T3TW",0.0502,0.009018433,"Smoking initiation",TRUE,"reported","textfile",0.0072,"Type 2 diabetes",TRUE,3.32765685100222e-34,"inferred","R7VigS","textfile",2,TRUE,NA
"219","rs73121277","C","T","C","T",0.026,0.000750382,0.2966,NA,FALSE,FALSE,FALSE,"12T3TW",0.85,0.003977015,"Smoking initiation",TRUE,"reported","textfile",0.0042,"Type 2 diabetes",TRUE,5.99827280576032e-10,"inferred","R7VigS","textfile",2,TRUE,NA
"220","rs73184014","G","A","G","A",-0.0298,0.003335225,0.2094,NA,FALSE,FALSE,FALSE,"12T3TW",0.439,0.004305756,"Smoking initiation",TRUE,"reported","textfile",0.0052,"Type 2 diabetes",TRUE,9.99762052749751e-09,"inferred","R7VigS","textfile",2,TRUE,NA
"221","rs7483027","C","T","C","T",-0.0267,-0.001396852,0.3277,NA,FALSE,FALSE,FALSE,"12T3TW",0.703,0.003668313,"Smoking initiation",TRUE,"reported","textfile",0.0041,"Type 2 diabetes",TRUE,7.40604267950184e-11,"inferred","R7VigS","textfile",2,TRUE,NA
"222","rs75080135","C","A","C","A",-0.0357,-0.00372518,0.2074,NA,FALSE,FALSE,FALSE,"12T3TW",0.412,0.004540877,"Smoking initiation",TRUE,"reported","textfile",0.0049,"Type 2 diabetes",TRUE,3.1997044565694e-13,"inferred","R7VigS","textfile",2,TRUE,NA
"223","rs75307421","G","A","G","A",-0.0737,-0.012547687,0.9687,NA,FALSE,FALSE,FALSE,"12T3TW",0.382,0.014346071,"Smoking initiation",TRUE,"reported","textfile",0.0132,"Type 2 diabetes",TRUE,2.35951889941823e-08,"inferred","R7VigS","textfile",2,TRUE,NA
"224","rs75432112","G","A","G","A",-0.1319,-0.00374693,0.9536,NA,FALSE,FALSE,FALSE,"12T3TW",0.647,0.008196009,"Smoking initiation",TRUE,"reported","textfile",0.0104,"Type 2 diabetes",TRUE,7.37542546039607e-37,"inferred","R7VigS","textfile",2,TRUE,NA
"225","rs7546252","G","A","G","A",-0.0262,-0.002187759,0.5727,NA,FALSE,FALSE,FALSE,"12T3TW",0.542,0.003586972,"Smoking initiation",TRUE,"reported","textfile",0.0041,"Type 2 diabetes",TRUE,1.65621367904303e-10,"inferred","R7VigS","textfile",2,TRUE,NA
"226","rs7554251","C","T","C","T",0.0297,-0.004697685,0.7016,NA,FALSE,FALSE,FALSE,"12T3TW",0.244,0.004028232,"Smoking initiation",TRUE,"reported","textfile",0.0045,"Type 2 diabetes",TRUE,4.11157781879902e-11,"inferred","R7VigS","textfile",2,TRUE,NA
"227","rs75619936","G","C","G","C",0.0314,0.001286175,0.1329,NA,FALSE,TRUE,TRUE,"12T3TW",0.824,0.005775098,"Smoking initiation",TRUE,"reported","textfile",0.0056,"Type 2 diabetes",TRUE,2.05693877434328e-08,"inferred","R7VigS","textfile",2,FALSE,NA
"228","rs757110","C","A","C","A",0.0599,-0.008829658,0.3704,NA,FALSE,FALSE,FALSE,"12T3TW",0.0165,0.003682222,"Smoking initiation",TRUE,"reported","textfile",0.0039,"Type 2 diabetes",TRUE,3.08415230137186e-53,"inferred","R7VigS","textfile",2,TRUE,NA
"229","rs7633673","G","A","G","A",0.0306,0.006619278,0.5904,NA,FALSE,FALSE,FALSE,"12T3TW",0.0689,0.003638284,"Smoking initiation",TRUE,"reported","textfile",0.0038,"Type 2 diabetes",TRUE,8.10325474191949e-16,"inferred","R7VigS","textfile",2,TRUE,NA
"230","rs7659468","G","T","G","T",-0.0287,-0.000544084,0.4984,NA,FALSE,FALSE,FALSE,"12T3TW",0.878,0.003556787,"Smoking initiation",TRUE,"reported","textfile",0.0037,"Type 2 diabetes",TRUE,8.71288130209188e-15,"inferred","R7VigS","textfile",2,TRUE,NA
"231","rs7664347","C","T","C","T",-0.0234,-0.003302289,0.6601,NA,FALSE,FALSE,FALSE,"12T3TW",0.373,0.003705995,"Smoking initiation",TRUE,"reported","textfile",0.0041,"Type 2 diabetes",TRUE,1.14770861039718e-08,"inferred","R7VigS","textfile",2,TRUE,NA
"232","rs76675804","C","T","C","T",-0.1208,0.0074144,0.0941,NA,FALSE,FALSE,FALSE,"12T3TW",0.225,0.006115294,"Smoking initiation",TRUE,"reported","textfile",0.0074,"Type 2 diabetes",TRUE,6.62703577834126e-60,"inferred","R7VigS","textfile",2,TRUE,NA
"233","rs7674402","G","A","G","A",-0.0523,0.018781567,0.7719,NA,FALSE,FALSE,FALSE,"12T3TW",0.0433,0.009298261,"Smoking initiation",TRUE,"reported","textfile",0.0064,"Type 2 diabetes",TRUE,3.03633044601487e-16,"inferred","R7VigS","textfile",2,TRUE,NA
"234","rs76895963","G","T","G","T",-0.4223,0.018924111,0.019,NA,FALSE,FALSE,FALSE,"12T3TW",0.137,0.012729734,"Smoking initiation",TRUE,"reported","textfile",0.0202,"Type 2 diabetes",TRUE,4.72788599626379e-97,"inferred","R7VigS","textfile",2,TRUE,NA
"235","rs7732130","G","A","G","A",0.0554,0.009938374,0.2954,NA,FALSE,FALSE,FALSE,"12T3TW",0.0102,0.003868507,"Smoking initiation",TRUE,"reported","textfile",0.0047,"Type 2 diabetes",TRUE,4.54214366102009e-32,"inferred","R7VigS","textfile",2,TRUE,NA
"236","rs7742292","C","T","C","T",0.0261,0.011173253,0.4778,NA,FALSE,FALSE,FALSE,"12T3TW",0.00208,0.003628904,"Smoking initiation",TRUE,"reported","textfile",0.004,"Type 2 diabetes",TRUE,6.80015341620032e-11,"inferred","R7VigS","textfile",2,TRUE,NA
"237","rs7752666","C","T","C","T",0.0305,-0.004442708,0.7047,NA,FALSE,FALSE,FALSE,"12T3TW",0.242,0.003795662,"Smoking initiation",TRUE,"reported","textfile",0.0043,"Type 2 diabetes",TRUE,1.31213396487085e-12,"inferred","R7VigS","textfile",2,TRUE,NA
"238","rs79090772","C","T","C","T",-0.0728,-0.007279728,0.0971,NA,FALSE,FALSE,FALSE,"12T3TW",0.246,0.006265392,"Smoking initiation",TRUE,"reported","textfile",0.0066,"Type 2 diabetes",TRUE,2.72943811761057e-28,"inferred","R7VigS","textfile",2,TRUE,NA
"239","rs79310463","C","T","C","T",-0.05,-0.007651339,0.8257,NA,FALSE,FALSE,FALSE,"12T3TW",0.138,0.005170296,"Smoking initiation",TRUE,"reported","textfile",0.0053,"Type 2 diabetes",TRUE,3.94883585559891e-21,"inferred","R7VigS","textfile",2,TRUE,NA
"240","rs8010382","G","A","G","A",0.0266,-0.003829611,0.4692,NA,FALSE,FALSE,FALSE,"12T3TW",0.288,0.003602595,"Smoking initiation",TRUE,"reported","textfile",0.0038,"Type 2 diabetes",TRUE,2.55962508777167e-12,"inferred","R7VigS","textfile",2,TRUE,NA
"241","rs80196932","C","T","C","T",-0.0479,-0.004239793,0.1828,NA,FALSE,FALSE,FALSE,"12T3TW",0.389,0.004925332,"Smoking initiation",TRUE,"reported","textfile",0.0053,"Type 2 diabetes",TRUE,1.5995033280582e-19,"inferred","R7VigS","textfile",2,TRUE,NA
"242","rs8043085","G","T","G","T",-0.0407,-0.013947304,0.6975,NA,FALSE,FALSE,FALSE,"12T3TW",0.00102,0.00424403,"Smoking initiation",TRUE,"reported","textfile",0.0042,"Type 2 diabetes",TRUE,3.30981848399984e-22,"inferred","R7VigS","textfile",2,TRUE,NA
"243","rs8054556","G","A","G","A",-0.0317,-0.010821782,0.5699,NA,FALSE,FALSE,FALSE,"12T3TW",0.00241,0.003565898,"Smoking initiation",TRUE,"reported","textfile",0.0039,"Type 2 diabetes",TRUE,4.35693475864666e-16,"inferred","R7VigS","textfile",2,TRUE,NA
"244","rs8056890","G","A","G","A",-0.0295,0.004916558,0.6775,NA,FALSE,FALSE,FALSE,"12T3TW",0.185,0.003705995,"Smoking initiation",TRUE,"reported","textfile",0.0042,"Type 2 diabetes",TRUE,2.1589909386269e-12,"inferred","R7VigS","textfile",2,TRUE,NA
"245","rs8061528","C","T","C","T",-0.0346,0.012780525,0.7573,NA,FALSE,FALSE,FALSE,"12T3TW",0.00396,0.004436185,"Smoking initiation",TRUE,"reported","textfile",0.0045,"Type 2 diabetes",TRUE,1.48418282734417e-14,"inferred","R7VigS","textfile",2,TRUE,NA
"246","rs8071043","C","T","C","T",0.0465,-0.007685629,0.3318,NA,FALSE,FALSE,FALSE,"12T3TW",0.0428,0.003795662,"Smoking initiation",TRUE,"reported","textfile",0.0041,"Type 2 diabetes",TRUE,8.17655736467242e-30,"inferred","R7VigS","textfile",2,TRUE,NA
"247","rs8107527","G","A","G","A",-0.0542,-0.004098813,0.6245,NA,FALSE,FALSE,FALSE,"12T3TW",0.296,0.003925951,"Smoking initiation",TRUE,"reported","textfile",0.004,"Type 2 diabetes",TRUE,7.92301408999041e-42,"inferred","R7VigS","textfile",2,TRUE,NA
"248","rs8192675","C","T","C","T",-0.0452,0.007469631,0.3167,NA,FALSE,FALSE,FALSE,"12T3TW",0.057,0.003925951,"Smoking initiation",TRUE,"reported","textfile",0.0042,"Type 2 diabetes",TRUE,5.20823611875355e-27,"inferred","R7VigS","textfile",2,TRUE,NA
"249","rs853866","T","A","T","A",0.0244,0.010751909,0.6109,NA,FALSE,TRUE,TRUE,"12T3TW",0.00288,0.003608104,"Smoking initiation",TRUE,"reported","textfile",0.0044,"Type 2 diabetes",TRUE,2.93191497529361e-08,"inferred","R7VigS","textfile",2,FALSE,NA
"250","rs860262","C","A","C","A",0.0747,-0.003574348,0.5683,NA,FALSE,FALSE,FALSE,"12T3TW",0.315,0.00355661,"Smoking initiation",TRUE,"reported","textfile",0.0039,"Type 2 diabetes",TRUE,8.98956138609915e-82,"inferred","R7VigS","textfile",2,TRUE,NA
"251","rs893617","C","T","C","T",0.0537,0.002098065,0.2813,NA,FALSE,FALSE,FALSE,"12T3TW",0.596,0.003950884,"Smoking initiation",TRUE,"reported","textfile",0.0041,"Type 2 diabetes",TRUE,3.40009292208426e-39,"inferred","R7VigS","textfile",2,TRUE,NA
"252","rs917195","C","T","C","T",0.0424,0.001004645,0.7224,NA,FALSE,FALSE,FALSE,"12T3TW",0.811,0.004211691,"Smoking initiation",TRUE,"reported","textfile",0.0046,"Type 2 diabetes",TRUE,3.04415932921692e-20,"inferred","R7VigS","textfile",2,TRUE,NA
"253","rs9308614","G","A","G","A",-0.057,0.006429391,0.1338,NA,FALSE,FALSE,FALSE,"12T3TW",0.201,0.005020511,"Smoking initiation",TRUE,"reported","textfile",0.0058,"Type 2 diabetes",TRUE,8.56469398060135e-23,"inferred","R7VigS","textfile",2,TRUE,NA
"254","rs9316500","G","T","G","T",-0.0401,-0.001323868,0.3528,NA,FALSE,FALSE,FALSE,"12T3TW",0.737,0.003938271,"Smoking initiation",TRUE,"reported","textfile",0.0041,"Type 2 diabetes",TRUE,1.36550817691727e-22,"inferred","R7VigS","textfile",2,TRUE,NA
"255","rs9370243","G","T","G","T",-0.0394,-0.00214312,0.8339,NA,FALSE,FALSE,FALSE,"12T3TW",0.746,0.006613811,"Smoking initiation",TRUE,"reported","textfile",0.0061,"Type 2 diabetes",TRUE,1.05385697263601e-10,"inferred","R7VigS","textfile",2,TRUE,NA
"256","rs9379084","G","A","G","A",0.0715,-0.005589392,0.843,NA,FALSE,FALSE,FALSE,"12T3TW",0.327,0.00570465,"Smoking initiation",TRUE,"reported","textfile",0.0062,"Type 2 diabetes",TRUE,9.0732226674114e-31,"inferred","R7VigS","textfile",2,TRUE,NA
"257","rs9384","G","T","G","T",0.0404,-0.008771886,0.6566,NA,FALSE,FALSE,FALSE,"12T3TW",0.0166,0.003664508,"Smoking initiation",TRUE,"reported","textfile",0.0041,"Type 2 diabetes",TRUE,6.60933525012518e-23,"inferred","R7VigS","textfile",2,TRUE,NA
"258","rs9390022","C","T","C","T",-0.0306,-0.002028035,0.3361,NA,FALSE,FALSE,FALSE,"12T3TW",0.581,0.003672192,"Smoking initiation",TRUE,"reported","textfile",0.0041,"Type 2 diabetes",TRUE,8.43085071122044e-14,"inferred","R7VigS","textfile",2,TRUE,NA
"259","rs9449295","C","T","C","T",0.0216,0.00217338,0.5169,NA,FALSE,FALSE,FALSE,"12T3TW",0.542,0.003568196,"Smoking initiation",TRUE,"reported","textfile",0.0039,"Type 2 diabetes",TRUE,3.05140239760873e-08,"inferred","R7VigS","textfile",2,TRUE,NA
"260","rs9472139","G","C","G","C",-0.0376,0.00306749,0.7397,NA,FALSE,TRUE,TRUE,"12T3TW",0.434,0.003917896,"Smoking initiation",TRUE,"reported","textfile",0.0044,"Type 2 diabetes",TRUE,1.2803134725011e-17,"inferred","R7VigS","textfile",2,FALSE,NA
"261","rs9479","G","A","G","A",0.0271,-0.005565772,0.5244,NA,FALSE,FALSE,FALSE,"12T3TW",0.118,0.003555841,"Smoking initiation",TRUE,"reported","textfile",0.0037,"Type 2 diabetes",TRUE,2.40105367707534e-13,"inferred","R7VigS","textfile",2,TRUE,NA
"262","rs9515905","G","A","G","A",-0.0472,-0.000565918,0.2606,NA,FALSE,FALSE,FALSE,"12T3TW",0.89,0.004073565,"Smoking initiation",TRUE,"reported","textfile",0.0044,"Type 2 diabetes",TRUE,7.58003529997403e-27,"inferred","R7VigS","textfile",2,TRUE,NA
"263","rs9560114","T","A","T","A",-0.0259,0.008608517,0.2435,NA,FALSE,TRUE,TRUE,"12T3TW",0.034,0.004058094,"Smoking initiation",TRUE,"reported","textfile",0.0047,"Type 2 diabetes",TRUE,3.57534762005944e-08,"inferred","R7VigS","textfile",2,FALSE,NA
"264","rs9564268","C","T","C","T",-0.0243,0.003897156,0.544,NA,FALSE,FALSE,FALSE,"12T3TW",0.286,0.003650021,"Smoking initiation",TRUE,"reported","textfile",0.004,"Type 2 diabetes",TRUE,1.23987721219504e-09,"inferred","R7VigS","textfile",2,TRUE,NA
"265","rs9587811","C","A","C","A",0.0248,0.001102094,0.5464,NA,FALSE,FALSE,FALSE,"12T3TW",0.76,0.003611967,"Smoking initiation",TRUE,"reported","textfile",0.0038,"Type 2 diabetes",TRUE,6.74071272456474e-11,"inferred","R7VigS","textfile",2,TRUE,NA
"266","rs978444","G","T","G","T",0.0229,0.013619507,0.4136,NA,FALSE,FALSE,FALSE,"12T3TW",0.000145,0.003589055,"Smoking initiation",TRUE,"reported","textfile",0.0039,"Type 2 diabetes",TRUE,4.31101965158974e-09,"inferred","R7VigS","textfile",2,TRUE,NA
"267","rs9859406","G","A","G","A",-0.1117,0.001097374,0.6476,NA,FALSE,FALSE,FALSE,"12T3TW",0.775,0.003843932,"Smoking initiation",TRUE,"reported","textfile",0.004,"Type 2 diabetes",TRUE,1.32663600552673e-171,"inferred","R7VigS","textfile",2,TRUE,NA
"268","rs9873519","C","T","C","T",-0.0373,0.001714676,0.5288,NA,FALSE,FALSE,FALSE,"12T3TW",0.631,0.0035676,"Smoking initiation",TRUE,"reported","textfile",0.0038,"Type 2 diabetes",TRUE,9.62813577662509e-23,"inferred","R7VigS","textfile",2,TRUE,NA
"269","rs9913225","G","A","G","A",0.0262,-0.007874772,0.3742,NA,FALSE,FALSE,FALSE,"12T3TW",0.029,0.00360561,"Smoking initiation",TRUE,"reported","textfile",0.004,"Type 2 diabetes",TRUE,5.75370834720866e-11,"inferred","R7VigS","textfile",2,TRUE,NA
"270","rs9927842","C","T","C","T",-0.0307,-0.002290661,0.7886,NA,FALSE,FALSE,FALSE,"12T3TW",0.649,0.005034725,"Smoking initiation",TRUE,"reported","textfile",0.005,"Type 2 diabetes",TRUE,8.25214808479354e-10,"inferred","R7VigS","textfile",2,TRUE,NA
"271","rs993380","G","A","G","A",-0.0272,0.001777378,0.6352,NA,FALSE,FALSE,FALSE,"12T3TW",0.637,0.003763807,"Smoking initiation",TRUE,"reported","textfile",0.0039,"Type 2 diabetes",TRUE,3.07268592465013e-12,"inferred","R7VigS","textfile",2,TRUE,NA
"272","rs9937296","C","T","C","T",0.0445,-0.010072108,0.7708,NA,FALSE,FALSE,FALSE,"12T3TW",0.0435,0.004992558,"Smoking initiation",TRUE,"reported","textfile",0.007,"Type 2 diabetes",TRUE,2.05540827211223e-10,"inferred","R7VigS","textfile",2,TRUE,NA
