"","SNP","effect_allele.exposure","other_allele.exposure","effect_allele.outcome","other_allele.outcome","beta.exposure","beta.outcome","eaf.exposure","eaf.outcome","remove","palindromic","ambiguous","id.outcome","pval.outcome","z.outcome","se.outcome","outcome","mr_keep.outcome","pval_origin.outcome","data_source.outcome","se.exposure","exposure","mr_keep.exposure","pval.exposure","pval_origin.exposure","id.exposure","data_source.exposure","action","mr_keep","samplesize.outcome"
"1","rs10132280","A","C","A","C",-0.022,0.013212331,0.3333,NA,FALSE,FALSE,FALSE,"g3PG0a",0.7105,0.388861439,0.033976965,"Oral cancer",TRUE,"reported","textfile",0.0035,"Waist circumference || id:ieu-a-60",TRUE,3.26349665362185e-10,"inferred","JTSkvF","textfile",2,TRUE,NA
"2","rs10786712","T","C","T","C",0.018,-0.079259681,0.3917,NA,FALSE,FALSE,FALSE,"g3PG0a",0.01665,2.391952908,0.03313597,"Oral cancer",TRUE,"reported","textfile",0.0033,"Waist circumference || id:ieu-a-60",TRUE,4.90982750761428e-08,"inferred","JTSkvF","textfile",2,TRUE,NA
"3","rs10840100","G","A","G","A",0.019,-0.011162065,0.725,NA,FALSE,FALSE,FALSE,"g3PG0a",0.7403,0.348736241,0.032007183,"Oral cancer",TRUE,"reported","textfile",0.0034,"Waist circumference || id:ieu-a-60",TRUE,2.29388700886866e-08,"inferred","JTSkvF","textfile",2,TRUE,NA
"4","rs10938397","G","A","G","A",0.032,-0.012882626,0.4333,NA,FALSE,FALSE,FALSE,"g3PG0a",0.6977,0.406210719,0.031714145,"Oral cancer",TRUE,"reported","textfile",0.0033,"Waist circumference || id:ieu-a-60",TRUE,3.10586041158799e-22,"inferred","JTSkvF","textfile",2,TRUE,NA
"5","rs11039290","A","G","A","G",-0.022,-0.00471108,0.3417,NA,FALSE,FALSE,FALSE,"g3PG0a",0.8938,0.144431754,0.032618033,"Oral cancer",TRUE,"reported","textfile",0.0036,"Waist circumference || id:ieu-a-60",TRUE,9.89398479837097e-10,"inferred","JTSkvF","textfile",2,TRUE,NA
"6","rs11165623","A","G","A","G",0.021,-0.031077956,0.4833,NA,FALSE,FALSE,FALSE,"g3PG0a",0.3376,0.969253126,0.032063818,"Oral cancer",TRUE,"reported","textfile",0.0033,"Waist circumference || id:ieu-a-60",TRUE,1.97032303253729e-10,"inferred","JTSkvF","textfile",2,TRUE,NA
"7","rs11676272","G","A","G","A",0.021,0.047169804,0.4828,NA,FALSE,FALSE,FALSE,"g3PG0a",0.1951,1.29941626,0.036300765,"Oral cancer",TRUE,"reported","textfile",0.0036,"Waist circumference || id:ieu-a-60",TRUE,5.43308747417622e-09,"inferred","JTSkvF","textfile",2,TRUE,NA
"8","rs13404250","T","C","T","C",-0.021,0.02586266,0.3667,NA,FALSE,FALSE,FALSE,"g3PG0a",0.4499,0.769915066,0.033591575,"Oral cancer",TRUE,"reported","textfile",0.0035,"Waist circumference || id:ieu-a-60",TRUE,1.9731752900754e-09,"inferred","JTSkvF","textfile",2,TRUE,NA
"9","rs1412235","C","G","C","G",0.024,0.003294567,0.3083,NA,FALSE,TRUE,TRUE,"g3PG0a",0.9267,0.100291764,0.032849826,"Oral cancer",TRUE,"reported","textfile",0.0035,"Waist circumference || id:ieu-a-60",TRUE,7.02513719345833e-12,"inferred","JTSkvF","textfile",2,FALSE,NA
"10","rs1421085","C","T","C","T",0.072,-0.03035612,0.45,NA,FALSE,FALSE,FALSE,"g3PG0a",0.376,0.897122335,0.033837214,"Oral cancer",TRUE,"reported","textfile",0.0034,"Waist circumference || id:ieu-a-60",TRUE,1.57392301415529e-99,"inferred","JTSkvF","textfile",2,TRUE,NA
"11","rs1519480","T","C","T","C",-0.03,0.005314095,0.6333,NA,FALSE,FALSE,FALSE,"g3PG0a",0.8801,0.162713745,0.032659164,"Oral cancer",TRUE,"reported","textfile",0.0035,"Waist circumference || id:ieu-a-60",TRUE,1.02209105179234e-17,"inferred","JTSkvF","textfile",2,TRUE,NA
"12","rs16996700","C","T","C","T",-0.022,0.003194891,0.3,NA,FALSE,FALSE,FALSE,"g3PG0a",0.9285,0.097864832,0.032645955,"Oral cancer",TRUE,"reported","textfile",0.0036,"Waist circumference || id:ieu-a-60",TRUE,9.89398479837097e-10,"inferred","JTSkvF","textfile",2,TRUE,NA
"13","rs17066856","C","T","C","T",-0.035,0.030723173,0.1333,NA,FALSE,FALSE,FALSE,"g3PG0a",0.5562,0.605396374,0.050748855,"Oral cancer",TRUE,"reported","textfile",0.0055,"Waist circumference || id:ieu-a-60",TRUE,1.97032303253729e-10,"inferred","JTSkvF","textfile",2,TRUE,NA
"14","rs17381664","C","T","C","T",0.022,0.04018179,0.425,NA,FALSE,FALSE,FALSE,"g3PG0a",0.2505,1.155634369,0.034770331,"Oral cancer",TRUE,"reported","textfile",0.0035,"Waist circumference || id:ieu-a-60",TRUE,3.26349665362185e-10,"inferred","JTSkvF","textfile",2,TRUE,NA
"15","rs17724992","G","A","G","A",-0.021,-0.02706292,0.3083,NA,FALSE,FALSE,FALSE,"g3PG0a",0.4701,0.737238212,0.036708514,"Oral cancer",TRUE,"reported","textfile",0.0038,"Waist circumference || id:ieu-a-60",TRUE,3.27025280718594e-08,"inferred","JTSkvF","textfile",2,TRUE,NA
"16","rs1928295","C","T","C","T",-0.018,-0.116421463,0.425,NA,FALSE,FALSE,FALSE,"g3PG0a",0.000367,3.583035719,0.032492409,"Oral cancer",TRUE,"reported","textfile",0.0033,"Waist circumference || id:ieu-a-60",TRUE,4.90982750761428e-08,"inferred","JTSkvF","textfile",2,TRUE,NA
"17","rs2278076","A","G","A","G",-0.024,-0.004811557,0.1833,NA,FALSE,FALSE,FALSE,"g3PG0a",0.9032,0.131858282,0.036490366,"Oral cancer",TRUE,"reported","textfile",0.0041,"Waist circumference || id:ieu-a-60",TRUE,4.80875424674515e-09,"inferred","JTSkvF","textfile",2,TRUE,NA
"18","rs2287019","T","C","T","C",-0.033,0.019802627,0.15,NA,FALSE,FALSE,FALSE,"g3PG0a",0.632,0.496717626,0.039866971,"Oral cancer",TRUE,"reported","textfile",0.0044,"Waist circumference || id:ieu-a-60",TRUE,6.38178334582179e-14,"inferred","JTSkvF","textfile",2,TRUE,NA
"19","rs2307111","C","T","C","T",-0.025,0.047741996,0.425,NA,FALSE,FALSE,FALSE,"g3PG0a",0.153,1.43061225,0.033371723,"Oral cancer",TRUE,"reported","textfile",0.0033,"Waist circumference || id:ieu-a-60",TRUE,3.57037970794088e-14,"inferred","JTSkvF","textfile",2,TRUE,NA
"20","rs2325036","C","A","C","A",-0.021,0.009554213,0.4083,NA,FALSE,FALSE,FALSE,"g3PG0a",0.7757,0.301439123,0.031695331,"Oral cancer",TRUE,"reported","textfile",0.0033,"Waist circumference || id:ieu-a-60",TRUE,1.97032303253729e-10,"inferred","JTSkvF","textfile",2,TRUE,NA
"21","rs2357760","A","G","A","G",0.019,-0.018330957,0.6583,NA,FALSE,FALSE,FALSE,"g3PG0a",0.5932,0.551656854,0.033228911,"Oral cancer",TRUE,"reported","textfile",0.0034,"Waist circumference || id:ieu-a-60",TRUE,2.29388700886866e-08,"inferred","JTSkvF","textfile",2,TRUE,NA
"22","rs2531992","G","A","G","A",0.027,0.011870173,0.8333,NA,FALSE,FALSE,FALSE,"g3PG0a",0.7888,0.284006506,0.041795425,"Oral cancer",TRUE,"reported","textfile",0.0045,"Waist circumference || id:ieu-a-60",TRUE,1.9731752900754e-09,"inferred","JTSkvF","textfile",2,TRUE,NA
"23","rs2867110","C","G","C","G",-0.051,-0.064111945,0.125,NA,FALSE,TRUE,TRUE,"g3PG0a",0.1353,1.494189048,0.042907519,"Oral cancer",TRUE,"reported","textfile",0.0043,"Waist circumference || id:ieu-a-60",TRUE,1.89917188337738e-32,"inferred","JTSkvF","textfile",2,FALSE,NA
"24","rs3127553","A","G","A","G",-0.022,0.017839918,0.6333,NA,FALSE,FALSE,FALSE,"g3PG0a",0.6052,0.53452422,0.033375322,"Oral cancer",TRUE,"reported","textfile",0.0034,"Waist circumference || id:ieu-a-60",TRUE,9.76221269645104e-11,"inferred","JTSkvF","textfile",2,TRUE,NA
"25","rs3800229","T","G","T","G",0.023,-0.024497632,0.6917,NA,FALSE,FALSE,FALSE,"g3PG0a",0.4909,0.704359368,0.034780018,"Oral cancer",TRUE,"reported","textfile",0.0035,"Waist circumference || id:ieu-a-60",TRUE,4.98347917909857e-11,"inferred","JTSkvF","textfile",2,TRUE,NA
"26","rs4234589","G","A","G","A",-0.032,-0.071818288,0.0917,NA,FALSE,FALSE,FALSE,"g3PG0a",0.1413,1.471948469,0.048791306,"Oral cancer",TRUE,"reported","textfile",0.0049,"Waist circumference || id:ieu-a-60",TRUE,6.55013772157104e-11,"inferred","JTSkvF","textfile",2,TRUE,NA
"27","rs4788099","G","A","G","A",0.034,-0.05087233,0.3583,NA,FALSE,FALSE,FALSE,"g3PG0a",0.1368,1.488557721,0.034175585,"Oral cancer",TRUE,"reported","textfile",0.0033,"Waist circumference || id:ieu-a-60",TRUE,6.82759834319264e-25,"inferred","JTSkvF","textfile",2,TRUE,NA
"28","rs4883723","A","G","A","G",0.028,0.018527305,0.125,NA,FALSE,FALSE,FALSE,"g3PG0a",0.6819,0.427738311,0.043314578,"Oral cancer",TRUE,"reported","textfile",0.0046,"Waist circumference || id:ieu-a-60",TRUE,1.15077204205495e-09,"inferred","JTSkvF","textfile",2,TRUE,NA
"29","rs4985155","G","A","G","A",-0.019,-0.0216323,0.3167,NA,FALSE,FALSE,FALSE,"g3PG0a",0.5354,0.6362916,0.033997463,"Oral cancer",TRUE,"reported","textfile",0.0034,"Waist circumference || id:ieu-a-60",TRUE,2.29388700886866e-08,"inferred","JTSkvF","textfile",2,TRUE,NA
"30","rs543874","G","A","G","A",0.044,0.045355702,0.2667,NA,FALSE,FALSE,FALSE,"g3PG0a",0.2653,1.121142259,0.040454903,"Oral cancer",TRUE,"reported","textfile",0.0041,"Waist circumference || id:ieu-a-60",TRUE,7.22487944546909e-27,"inferred","JTSkvF","textfile",2,TRUE,NA
"31","rs6440003","A","G","A","G",0.021,-0.065712543,0.4833,NA,FALSE,FALSE,FALSE,"g3PG0a",0.05133,1.94542403,0.033778005,"Oral cancer",TRUE,"reported","textfile",0.0033,"Waist circumference || id:ieu-a-60",TRUE,1.97032303253729e-10,"inferred","JTSkvF","textfile",2,TRUE,NA
"32","rs6545714","A","G","A","G",-0.022,0.017839918,0.625,NA,FALSE,FALSE,FALSE,"g3PG0a",0.5926,0.552517051,0.032288448,"Oral cancer",TRUE,"reported","textfile",0.0034,"Waist circumference || id:ieu-a-60",TRUE,9.76221269645104e-11,"inferred","JTSkvF","textfile",2,TRUE,NA
"33","rs6567160","C","T","C","T",0.05,0.004091618,0.2833,NA,FALSE,FALSE,FALSE,"g3PG0a",0.9167,0.113749934,0.035970288,"Oral cancer",TRUE,"reported","textfile",0.0039,"Waist circumference || id:ieu-a-60",TRUE,1.25865289753254e-37,"inferred","JTSkvF","textfile",2,TRUE,NA
"34","rs6864049","G","A","G","A",0.019,0.026754737,0.4333,NA,FALSE,FALSE,FALSE,"g3PG0a",0.4144,0.829372314,0.032259019,"Oral cancer",TRUE,"reported","textfile",0.0033,"Waist circumference || id:ieu-a-60",TRUE,8.53304779969513e-09,"inferred","JTSkvF","textfile",2,TRUE,NA
"35","rs7138803","A","G","A","G",0.028,-0.064965279,0.4417,NA,FALSE,FALSE,FALSE,"g3PG0a",0.06001,1.877715082,0.034598049,"Oral cancer",TRUE,"reported","textfile",0.0034,"Waist circumference || id:ieu-a-60",TRUE,1.79117034720081e-16,"inferred","JTSkvF","textfile",2,TRUE,NA
"36","rs7144011","T","G","T","G",0.032,0.015085637,0.275,NA,FALSE,FALSE,FALSE,"g3PG0a",0.71,0.389537735,0.038727025,"Oral cancer",TRUE,"reported","textfile",0.004,"Waist circumference || id:ieu-a-60",TRUE,1.24419211485436e-15,"inferred","JTSkvF","textfile",2,TRUE,NA
"37","rs7239883","A","G","A","G",-0.019,-0.014691549,0.6833,NA,FALSE,FALSE,FALSE,"g3PG0a",0.6564,0.462782151,0.031746144,"Oral cancer",TRUE,"reported","textfile",0.0033,"Waist circumference || id:ieu-a-60",TRUE,8.53304779969513e-09,"inferred","JTSkvF","textfile",2,TRUE,NA
"38","rs749671","A","G","A","G",-0.02,-0.023780529,0.375,NA,FALSE,FALSE,FALSE,"g3PG0a",0.4847,0.714082874,0.033302197,"Oral cancer",TRUE,"reported","textfile",0.0034,"Waist circumference || id:ieu-a-60",TRUE,4.04474671808606e-09,"inferred","JTSkvF","textfile",2,TRUE,NA
"39","rs7531118","C","T","C","T",0.027,-0.034384427,0.6083,NA,FALSE,FALSE,FALSE,"g3PG0a",0.3199,1.004266697,0.034238342,"Oral cancer",TRUE,"reported","textfile",0.0034,"Waist circumference || id:ieu-a-60",TRUE,2.00272498062683e-15,"inferred","JTSkvF","textfile",2,TRUE,NA
"40","rs7550711","T","C","T","C",0.057,-0.05108279,0.0339,NA,FALSE,FALSE,FALSE,"g3PG0a",0.6214,0.511599577,0.099849164,"Oral cancer",TRUE,"reported","textfile",0.0096,"Waist circumference || id:ieu-a-60",TRUE,2.8940104553327e-09,"inferred","JTSkvF","textfile",2,TRUE,NA
"41","rs7649970","T","C","T","C",0.027,0.012817504,0.075,NA,FALSE,FALSE,FALSE,"g3PG0a",0.7979,0.271911767,0.047138467,"Oral cancer",TRUE,"reported","textfile",0.0048,"Waist circumference || id:ieu-a-60",TRUE,1.85507974691217e-08,"inferred","JTSkvF","textfile",2,TRUE,NA
"42","rs7903146","T","C","T","C",-0.022,-0.043742923,0.25,NA,FALSE,FALSE,FALSE,"g3PG0a",0.226,1.216046571,0.035971421,"Oral cancer",TRUE,"reported","textfile",0.0036,"Waist circumference || id:ieu-a-60",TRUE,9.89398479837097e-10,"inferred","JTSkvF","textfile",2,TRUE,NA
"43","rs806794","G","A","G","A",-0.022,-0.072570693,0.275,NA,FALSE,FALSE,FALSE,"g3PG0a",0.04144,2.035611925,0.035650554,"Oral cancer",TRUE,"reported","textfile",0.0036,"Waist circumference || id:ieu-a-60",TRUE,9.89398479837097e-10,"inferred","JTSkvF","textfile",2,TRUE,NA
"44","rs929641","G","A","G","A",-0.019,0.02586266,0.3833,NA,FALSE,FALSE,FALSE,"g3PG0a",0.4267,0.808456378,0.031990173,"Oral cancer",TRUE,"reported","textfile",0.0033,"Waist circumference || id:ieu-a-60",TRUE,8.53304779969513e-09,"inferred","JTSkvF","textfile",2,TRUE,NA
"45","rs943005","T","C","T","C",0.039,-0.072893326,0.1,NA,FALSE,FALSE,FALSE,"g3PG0a",0.1003,1.642239078,0.044386549,"Oral cancer",TRUE,"reported","textfile",0.0042,"Waist circumference || id:ieu-a-60",TRUE,1.60626133035224e-20,"inferred","JTSkvF","textfile",2,TRUE,NA
