"","SNP","effect_allele.exposure","other_allele.exposure","effect_allele.outcome","other_allele.outcome","beta.exposure","beta.outcome","eaf.exposure","eaf.outcome","remove","palindromic","ambiguous","id.outcome","se.outcome","pval.outcome","outcome","mr_keep.outcome","pval_origin.outcome","data_source.outcome","se.exposure","exposure","mr_keep.exposure","pval.exposure","pval_origin.exposure","id.exposure","data_source.exposure","action","mr_keep","samplesize.outcome"
"1","rs10019888","A","G","A","G",-0.0208,2e-05,0.8133,0.832199,FALSE,FALSE,FALSE,"EVPVsG",0.00283,0.9932,"Risk tolerance",TRUE,"reported","textfile",0.0023,"Waist-to-hip ratio",TRUE,1.51764191987829e-19,"inferred","vP59hF","textfile",2,TRUE,NA
"2","rs10049088","T","C","T","C",-0.0271,0.0024,0.3814,0.387927,FALSE,FALSE,FALSE,"EVPVsG",0.00215,0.2634,"Risk tolerance",TRUE,"reported","textfile",0.0018,"Waist-to-hip ratio",TRUE,3.17421611894209e-51,"inferred","vP59hF","textfile",2,TRUE,NA
"3","rs10132280","A","C","A","C",-0.0116,-0.00129,0.3106,0.311657,FALSE,FALSE,FALSE,"EVPVsG",0.00228,0.5733,"Risk tolerance",TRUE,"reported","textfile",0.0018,"Waist-to-hip ratio",TRUE,1.16024623544935e-10,"inferred","vP59hF","textfile",2,TRUE,NA
"4","rs10164099","T","C","T","C",-0.0149,-0.00764,0.8742,0.867786,FALSE,FALSE,FALSE,"EVPVsG",0.00304,0.01205,"Risk tolerance",TRUE,"reported","textfile",0.0025,"Waist-to-hip ratio",TRUE,2.52237933420219e-09,"inferred","vP59hF","textfile",2,TRUE,NA
"5","rs1017698","A","G","A","G",-0.0113,-0.00325,0.5974,0.601894,FALSE,FALSE,FALSE,"EVPVsG",0.00213,0.1271,"Risk tolerance",TRUE,"reported","textfile",0.0018,"Waist-to-hip ratio",TRUE,3.43446309409278e-10,"inferred","vP59hF","textfile",2,TRUE,NA
"6","rs1045241","T","C","T","C",-0.0123,-0.0082,0.2816,0.276286,FALSE,FALSE,FALSE,"EVPVsG",0.00235,0.0004939,"Risk tolerance",TRUE,"reported","textfile",0.0019,"Waist-to-hip ratio",TRUE,9.5641684818156e-11,"inferred","vP59hF","textfile",2,TRUE,NA
"7","rs1045411","T","C","T","C",-0.0155,-0.00304,0.2792,0.249923,FALSE,FALSE,FALSE,"EVPVsG",0.00235,0.1964,"Risk tolerance",TRUE,"reported","textfile",0.0019,"Waist-to-hip ratio",TRUE,3.40914418366783e-16,"inferred","vP59hF","textfile",2,TRUE,NA
"8","rs10475249","C","G","C","G",0.0134,0.00264,0.5488,0.532522,FALSE,TRUE,TRUE,"EVPVsG",0.0021,0.2099,"Risk tolerance",TRUE,"reported","textfile",0.002,"Waist-to-hip ratio",TRUE,2.08419539759304e-11,"inferred","vP59hF","textfile",2,FALSE,NA
"9","rs10490869","A","T","A","T",-0.0183,-0.00118,0.7964,0.795642,FALSE,TRUE,FALSE,"EVPVsG",0.00257,0.6464,"Risk tolerance",TRUE,"reported","textfile",0.0022,"Waist-to-hip ratio",TRUE,8.9322918129262e-17,"inferred","vP59hF","textfile",2,TRUE,NA
"10","rs10499013","A","G","A","G",-0.0125,0.00177,0.28,0.263967,FALSE,FALSE,FALSE,"EVPVsG",0.00234,0.4496,"Risk tolerance",TRUE,"reported","textfile",0.002,"Waist-to-hip ratio",TRUE,4.10452685043788e-10,"inferred","vP59hF","textfile",2,TRUE,NA
"11","rs10745659","C","G","C","G",-0.0127,-0.00194,0.5607,0.570496,FALSE,TRUE,TRUE,"EVPVsG",0.00211,0.3561,"Risk tolerance",TRUE,"reported","textfile",0.0018,"Waist-to-hip ratio",TRUE,1.71912480086629e-12,"inferred","vP59hF","textfile",2,FALSE,NA
"12","rs10761785","T","G","T","G",-0.0147,-0.00227,0.5135,0.522174,FALSE,FALSE,FALSE,"EVPVsG",0.00217,0.2955,"Risk tolerance",TRUE,"reported","textfile",0.0017,"Waist-to-hip ratio",TRUE,5.2843734082287e-18,"inferred","vP59hF","textfile",2,TRUE,NA
"13","rs10788569","T","C","T","C",-0.0134,-0.00625,0.7235,0.75425,FALSE,FALSE,FALSE,"EVPVsG",0.00236,0.00818,"Risk tolerance",TRUE,"reported","textfile",0.0019,"Waist-to-hip ratio",TRUE,1.75565260206975e-12,"inferred","vP59hF","textfile",2,TRUE,NA
"14","rs10827252","A","G","A","G",-0.0113,0.00283,0.4934,0.471173,FALSE,FALSE,FALSE,"EVPVsG",0.00209,0.1771,"Risk tolerance",TRUE,"reported","textfile",0.0018,"Waist-to-hip ratio",TRUE,3.43446309409278e-10,"inferred","vP59hF","textfile",2,TRUE,NA
"15","rs10842707","T","C","T","C",0.0266,0.00084,0.2036,0.222544,FALSE,FALSE,FALSE,"EVPVsG",0.00252,0.7396,"Risk tolerance",TRUE,"reported","textfile",0.002,"Waist-to-hip ratio",TRUE,2.31468325673812e-40,"inferred","vP59hF","textfile",2,TRUE,NA
"16","rs10851523","C","G","C","G",-0.0118,-0.00208,0.2742,0.276163,FALSE,TRUE,FALSE,"EVPVsG",0.00232,0.3707,"Risk tolerance",TRUE,"reported","textfile",0.002,"Waist-to-hip ratio",TRUE,3.63501572619888e-09,"inferred","vP59hF","textfile",2,TRUE,NA
"17","rs10876528","A","C","A","C",0.0236,-0.00265,0.351,0.358839,FALSE,FALSE,FALSE,"EVPVsG",0.00217,0.2215,"Risk tolerance",TRUE,"reported","textfile",0.0018,"Waist-to-hip ratio",TRUE,2.84400969088546e-39,"inferred","vP59hF","textfile",2,TRUE,NA
"18","rs10919388","A","C","A","C",-0.0266,-0.00391,0.2729,0.272328,FALSE,FALSE,FALSE,"EVPVsG",0.00236,0.09808,"Risk tolerance",TRUE,"reported","textfile",0.0019,"Waist-to-hip ratio",TRUE,1.55870736383856e-44,"inferred","vP59hF","textfile",2,TRUE,NA
"19","rs10923724","T","C","T","C",0.024,-0.00225,0.5565,0.554327,FALSE,FALSE,FALSE,"EVPVsG",0.00212,0.2874,"Risk tolerance",TRUE,"reported","textfile",0.0017,"Waist-to-hip ratio",TRUE,2.95700544837904e-45,"inferred","vP59hF","textfile",2,TRUE,NA
"20","rs10991433","T","C","T","C",-0.0254,0.00332,0.8956,0.894872,FALSE,FALSE,FALSE,"EVPVsG",0.00339,0.3276,"Risk tolerance",TRUE,"reported","textfile",0.0028,"Waist-to-hip ratio",TRUE,1.17466646829784e-19,"inferred","vP59hF","textfile",2,TRUE,NA
"21","rs11030108","A","G","A","G",0.0154,0.00829,0.3307,0.291484,FALSE,FALSE,FALSE,"EVPVsG",0.00224,0.0002167,"Risk tolerance",TRUE,"reported","textfile",0.0018,"Waist-to-hip ratio",TRUE,1.17302417606211e-17,"inferred","vP59hF","textfile",2,TRUE,NA
"22","rs11176015","T","C","T","C",0.0151,0.00042,0.293,0.279951,FALSE,FALSE,FALSE,"EVPVsG",0.00233,0.8581,"Risk tolerance",TRUE,"reported","textfile",0.002,"Waist-to-hip ratio",TRUE,4.35258241941716e-14,"inferred","vP59hF","textfile",2,TRUE,NA
"23","rs11187537","C","G","C","G",0.013,0.0027,0.2632,0.277518,FALSE,TRUE,FALSE,"EVPVsG",0.00237,0.2548,"Risk tolerance",TRUE,"reported","textfile",0.002,"Waist-to-hip ratio",TRUE,8.03200116771824e-11,"inferred","vP59hF","textfile",2,TRUE,NA
"24","rs1122080","A","G","A","G",-0.0131,0.00063,0.2045,0.186387,FALSE,FALSE,FALSE,"EVPVsG",0.00269,0.8136,"Risk tolerance",TRUE,"reported","textfile",0.0022,"Waist-to-hip ratio",TRUE,2.60795640260968e-09,"inferred","vP59hF","textfile",2,TRUE,NA
"25","rs1124639","T","C","T","C",-0.0113,-0.00062,0.4392,0.467416,FALSE,FALSE,FALSE,"EVPVsG",0.00211,0.7677,"Risk tolerance",TRUE,"reported","textfile",0.0017,"Waist-to-hip ratio",TRUE,2.99007556086267e-11,"inferred","vP59hF","textfile",2,TRUE,NA
"26","rs1139653","A","T","A","T",0.0147,-0.00215,0.2851,0.282322,FALSE,TRUE,FALSE,"EVPVsG",0.00233,0.3559,"Risk tolerance",TRUE,"reported","textfile",0.002,"Waist-to-hip ratio",TRUE,1.98206854990951e-13,"inferred","vP59hF","textfile",2,TRUE,NA
"27","rs1142","T","C","T","C",0.0149,0.00948,0.3344,0.349692,FALSE,FALSE,FALSE,"EVPVsG",0.00218,1.38e-05,"Risk tolerance",TRUE,"reported","textfile",0.0018,"Waist-to-hip ratio",TRUE,1.25495139250628e-16,"inferred","vP59hF","textfile",2,TRUE,NA
"28","rs114760566","A","C","A","C",0.0674,-0.00317,0.0432,0.0311364,FALSE,FALSE,FALSE,"EVPVsG",0.00505,0.5309,"Risk tolerance",TRUE,"reported","textfile",0.0048,"Waist-to-hip ratio",TRUE,8.66505518122889e-45,"inferred","vP59hF","textfile",2,TRUE,NA
"29","rs1158805","A","C","A","C",-0.0133,0.00045,0.3797,0.379612,FALSE,FALSE,FALSE,"EVPVsG",0.00216,0.837,"Risk tolerance",TRUE,"reported","textfile",0.0018,"Waist-to-hip ratio",TRUE,1.48060825564767e-13,"inferred","vP59hF","textfile",2,TRUE,NA
"30","rs11654387","C","G","C","G",0.0161,0.0044,0.4878,0.472005,FALSE,TRUE,TRUE,"EVPVsG",0.00209,0.03569,"Risk tolerance",TRUE,"reported","textfile",0.0018,"Waist-to-hip ratio",TRUE,3.7382535008626e-19,"inferred","vP59hF","textfile",2,FALSE,NA
"31","rs11724804","A","G","A","G",-0.0165,-0.00074,0.4436,0.441746,FALSE,FALSE,FALSE,"EVPVsG",0.0021,0.7261,"Risk tolerance",TRUE,"reported","textfile",0.0018,"Waist-to-hip ratio",TRUE,4.87871546149465e-20,"inferred","vP59hF","textfile",2,TRUE,NA
"32","rs11747001","A","G","A","G",0.0154,-0.0054,0.7638,0.76369,FALSE,FALSE,FALSE,"EVPVsG",0.00246,0.0282,"Risk tolerance",TRUE,"reported","textfile",0.002,"Waist-to-hip ratio",TRUE,1.36066230815479e-14,"inferred","vP59hF","textfile",2,TRUE,NA
"33","rs11764879","A","G","A","G",-0.0117,0.00211,0.2864,0.269079,FALSE,FALSE,FALSE,"EVPVsG",0.00231,0.3606,"Risk tolerance",TRUE,"reported","textfile",0.0019,"Waist-to-hip ratio",TRUE,7.37183253398072e-10,"inferred","vP59hF","textfile",2,TRUE,NA
"34","rs11897119","T","C","T","C",-0.0134,0.00186,0.594,0.611734,FALSE,FALSE,FALSE,"EVPVsG",0.00214,0.3841,"Risk tolerance",TRUE,"reported","textfile",0.0017,"Waist-to-hip ratio",TRUE,3.2127302114094e-15,"inferred","vP59hF","textfile",2,TRUE,NA
"35","rs1190982","T","C","T","C",0.0157,0.00734,0.3027,0.29461,FALSE,FALSE,FALSE,"EVPVsG",0.00227,0.001216,"Risk tolerance",TRUE,"reported","textfile",0.0019,"Waist-to-hip ratio",TRUE,1.41868383664922e-16,"inferred","vP59hF","textfile",2,TRUE,NA
"36","rs11992444","T","G","T","G",0.0185,0.00101,0.5085,0.507592,FALSE,FALSE,FALSE,"EVPVsG",0.00216,0.6413,"Risk tolerance",TRUE,"reported","textfile",0.002,"Waist-to-hip ratio",TRUE,2.2449267182656e-20,"inferred","vP59hF","textfile",2,TRUE,NA
"37","rs12024554","T","C","T","C",-0.0149,0.0019,0.2346,0.248599,FALSE,FALSE,FALSE,"EVPVsG",0.00246,0.4417,"Risk tolerance",TRUE,"reported","textfile",0.0023,"Waist-to-hip ratio",TRUE,9.27858354317176e-11,"inferred","vP59hF","textfile",2,TRUE,NA
"38","rs12042959","A","G","A","G",0.0155,-0.00152,0.8633,0.848399,FALSE,FALSE,FALSE,"EVPVsG",0.00299,0.6112,"Risk tolerance",TRUE,"reported","textfile",0.0025,"Waist-to-hip ratio",TRUE,5.64631607408654e-10,"inferred","vP59hF","textfile",2,TRUE,NA
"39","rs12101393","C","G","C","G",0.014,-0.00083,0.7865,0.800524,FALSE,TRUE,FALSE,"EVPVsG",0.00253,0.7418,"Risk tolerance",TRUE,"reported","textfile",0.0022,"Waist-to-hip ratio",TRUE,1.9703230325373e-10,"inferred","vP59hF","textfile",2,TRUE,NA
"40","rs12140153","T","G","T","G",-0.0214,-0.00089,0.091,0.0714814,FALSE,FALSE,FALSE,"EVPVsG",0.00356,0.8029,"Risk tolerance",TRUE,"reported","textfile",0.0035,"Waist-to-hip ratio",TRUE,9.69903997809834e-10,"inferred","vP59hF","textfile",2,TRUE,NA
"41","rs12206094","T","C","T","C",-0.0119,0.00119,0.2888,0.289513,FALSE,FALSE,FALSE,"EVPVsG",0.00234,0.6092,"Risk tolerance",TRUE,"reported","textfile",0.0019,"Waist-to-hip ratio",TRUE,3.77258274310863e-10,"inferred","vP59hF","textfile",2,TRUE,NA
"42","rs12287076","C","G","C","G",0.0192,-0.00085,0.625,0.696381,FALSE,TRUE,FALSE,"EVPVsG",0.0023,0.7115,"Risk tolerance",TRUE,"reported","textfile",0.002,"Waist-to-hip ratio",TRUE,7.99444241145248e-22,"inferred","vP59hF","textfile",2,TRUE,NA
"43","rs12430764","A","G","A","G",0.0107,0.00198,0.5164,0.511072,FALSE,FALSE,FALSE,"EVPVsG",0.00209,0.3451,"Risk tolerance",TRUE,"reported","textfile",0.0018,"Waist-to-hip ratio",TRUE,2.77396026570468e-09,"inferred","vP59hF","textfile",2,TRUE,NA
"44","rs1243188","T","C","T","C",-0.0148,-0.00053,0.7061,0.690992,FALSE,FALSE,FALSE,"EVPVsG",0.00228,0.818,"Risk tolerance",TRUE,"reported","textfile",0.0019,"Waist-to-hip ratio",TRUE,6.72888947560383e-15,"inferred","vP59hF","textfile",2,TRUE,NA
"45","rs12440605","A","G","A","G",0.0118,-0.00175,0.5243,0.51312,FALSE,FALSE,FALSE,"EVPVsG",0.0021,0.4029,"Risk tolerance",TRUE,"reported","textfile",0.0018,"Waist-to-hip ratio",TRUE,5.54351060252276e-11,"inferred","vP59hF","textfile",2,TRUE,NA
"46","rs12449442","A","G","A","G",0.0172,0.00887,0.2186,0.220881,FALSE,FALSE,FALSE,"EVPVsG",0.00262,0.0007181,"Risk tolerance",TRUE,"reported","textfile",0.0021,"Waist-to-hip ratio",TRUE,2.60194642368162e-16,"inferred","vP59hF","textfile",2,TRUE,NA
"47","rs12459350","A","G","A","G",0.0134,-0.00373,0.5423,0.526378,FALSE,FALSE,FALSE,"EVPVsG",0.0021,0.07549,"Risk tolerance",TRUE,"reported","textfile",0.0017,"Waist-to-hip ratio",TRUE,3.2127302114094e-15,"inferred","vP59hF","textfile",2,TRUE,NA
"48","rs12469667","A","G","A","G",-0.013,-0.001,0.2322,0.246782,FALSE,FALSE,FALSE,"EVPVsG",0.00242,0.6786,"Risk tolerance",TRUE,"reported","textfile",0.0021,"Waist-to-hip ratio",TRUE,5.99827280576032e-10,"inferred","vP59hF","textfile",2,TRUE,NA
"49","rs12494190","A","G","A","G",-0.0121,0.00346,0.4038,0.414829,FALSE,FALSE,FALSE,"EVPVsG",0.00214,0.1058,"Risk tolerance",TRUE,"reported","textfile",0.0018,"Waist-to-hip ratio",TRUE,1.78973714021383e-11,"inferred","vP59hF","textfile",2,TRUE,NA
"50","rs12495178","T","C","T","C",0.0124,0.01393,0.6416,0.638682,FALSE,FALSE,FALSE,"EVPVsG",0.00219,1.91e-10,"Risk tolerance",TRUE,"reported","textfile",0.0018,"Waist-to-hip ratio",TRUE,5.6229834882559e-12,"inferred","vP59hF","textfile",2,TRUE,NA
"51","rs12527712","T","C","T","C",0.0284,-0.00423,0.0882,0.0766554,FALSE,FALSE,FALSE,"EVPVsG",0.00387,0.2748,"Risk tolerance",TRUE,"reported","textfile",0.0033,"Waist-to-hip ratio",TRUE,7.56142968766461e-18,"inferred","vP59hF","textfile",2,TRUE,NA
"52","rs12575252","C","G","C","G",-0.0154,0.00215,0.3337,0.379135,FALSE,TRUE,FALSE,"EVPVsG",0.0022,0.3278,"Risk tolerance",TRUE,"reported","textfile",0.0018,"Waist-to-hip ratio",TRUE,1.17302417606211e-17,"inferred","vP59hF","textfile",2,TRUE,NA
"53","rs12590238","C","G","C","G",-0.0141,-0.00571,0.8339,0.807823,FALSE,TRUE,FALSE,"EVPVsG",0.00278,0.04013,"Risk tolerance",TRUE,"reported","textfile",0.0023,"Waist-to-hip ratio",TRUE,8.76392374593679e-10,"inferred","vP59hF","textfile",2,TRUE,NA
"54","rs12593088","A","G","A","G",-0.0128,-0.0064,0.3106,0.28899,FALSE,FALSE,FALSE,"EVPVsG",0.00228,0.00489,"Risk tolerance",TRUE,"reported","textfile",0.0019,"Waist-to-hip ratio",TRUE,1.61865908274655e-11,"inferred","vP59hF","textfile",2,TRUE,NA
"55","rs12608504","A","G","A","G",0.0251,-0.00314,0.3593,0.364444,FALSE,FALSE,FALSE,"EVPVsG",0.00217,0.1491,"Risk tolerance",TRUE,"reported","textfile",0.0018,"Waist-to-hip ratio",TRUE,3.40085833764754e-44,"inferred","vP59hF","textfile",2,TRUE,NA
"56","rs12684047","A","T","A","T",-0.0185,-0.00306,0.1914,0.182276,FALSE,TRUE,FALSE,"EVPVsG",0.00265,0.248,"Risk tolerance",TRUE,"reported","textfile",0.0023,"Waist-to-hip ratio",TRUE,8.73237045016638e-16,"inferred","vP59hF","textfile",2,TRUE,NA
"57","rs12692387","T","C","T","C",-0.0124,-0.00274,0.3315,0.351909,FALSE,FALSE,FALSE,"EVPVsG",0.00223,0.2194,"Risk tolerance",TRUE,"reported","textfile",0.0021,"Waist-to-hip ratio",TRUE,3.53156413868294e-09,"inferred","vP59hF","textfile",2,TRUE,NA
"58","rs12777288","T","C","T","C",-0.0139,-0.00255,0.7714,0.762257,FALSE,FALSE,FALSE,"EVPVsG",0.00249,0.3047,"Risk tolerance",TRUE,"reported","textfile",0.0021,"Waist-to-hip ratio",TRUE,3.61520391635654e-11,"inferred","vP59hF","textfile",2,TRUE,NA
"59","rs12828016","T","G","T","G",-0.0114,-0.00096,0.391,0.382984,FALSE,FALSE,FALSE,"EVPVsG",0.00215,0.6539,"Risk tolerance",TRUE,"reported","textfile",0.0018,"Waist-to-hip ratio",TRUE,2.3992045231164e-10,"inferred","vP59hF","textfile",2,TRUE,NA
"60","rs1294436","C","G","C","G",0.023,-0.00414,0.5972,0.604111,FALSE,TRUE,FALSE,"EVPVsG",0.00214,0.05304,"Risk tolerance",TRUE,"reported","textfile",0.002,"Waist-to-hip ratio",TRUE,1.31915428922273e-30,"inferred","vP59hF","textfile",2,TRUE,NA
"61","rs12986231","T","C","T","C",0.015,0.00266,0.7288,0.744734,FALSE,FALSE,FALSE,"EVPVsG",0.00237,0.261,"Risk tolerance",TRUE,"reported","textfile",0.0022,"Waist-to-hip ratio",TRUE,9.21999103859315e-12,"inferred","vP59hF","textfile",2,TRUE,NA
"62","rs13063979","T","G","T","G",-0.0135,-0.00268,0.7323,0.749153,FALSE,FALSE,FALSE,"EVPVsG",0.00234,0.2516,"Risk tolerance",TRUE,"reported","textfile",0.0019,"Waist-to-hip ratio",TRUE,1.20093487029869e-12,"inferred","vP59hF","textfile",2,TRUE,NA
"63","rs13130484","T","C","T","C",0.0147,-0.00562,0.4294,0.424592,FALSE,FALSE,FALSE,"EVPVsG",0.00211,0.007774,"Risk tolerance",TRUE,"reported","textfile",0.0017,"Waist-to-hip ratio",TRUE,5.2843734082287e-18,"inferred","vP59hF","textfile",2,TRUE,NA
"64","rs13229637","T","C","T","C",0.0159,0.0033,0.8538,0.850323,FALSE,FALSE,FALSE,"EVPVsG",0.00294,0.2624,"Risk tolerance",TRUE,"reported","textfile",0.0025,"Waist-to-hip ratio",TRUE,2.01753749327858e-10,"inferred","vP59hF","textfile",2,TRUE,NA
"65","rs13256367","A","C","A","C",0.0141,0.00069,0.6534,0.661118,FALSE,FALSE,FALSE,"EVPVsG",0.00221,0.7539,"Risk tolerance",TRUE,"reported","textfile",0.0019,"Waist-to-hip ratio",TRUE,1.16193128438868e-13,"inferred","vP59hF","textfile",2,TRUE,NA
"66","rs1328757","T","C","T","C",0.0114,0.00178,0.4743,0.457376,FALSE,FALSE,FALSE,"EVPVsG",0.0021,0.3965,"Risk tolerance",TRUE,"reported","textfile",0.0018,"Waist-to-hip ratio",TRUE,2.3992045231164e-10,"inferred","vP59hF","textfile",2,TRUE,NA
"67","rs1345203","T","C","T","C",0.0187,-0.00084,0.7829,0.778257,FALSE,FALSE,FALSE,"EVPVsG",0.00265,0.7514,"Risk tolerance",TRUE,"reported","textfile",0.0024,"Waist-to-hip ratio",TRUE,6.61310069853994e-15,"inferred","vP59hF","textfile",2,TRUE,NA
"68","rs13642","A","T","A","T",0.0113,-0.00077,0.6452,0.649415,FALSE,TRUE,FALSE,"EVPVsG",0.0022,0.7253,"Risk tolerance",TRUE,"reported","textfile",0.0019,"Waist-to-hip ratio",TRUE,2.72487643776358e-09,"inferred","vP59hF","textfile",2,TRUE,NA
"69","rs1385167","A","G","A","G",-0.0224,-0.00327,0.862,0.862565,FALSE,FALSE,FALSE,"EVPVsG",0.00307,0.2873,"Risk tolerance",TRUE,"reported","textfile",0.0024,"Waist-to-hip ratio",TRUE,1.02592569419183e-20,"inferred","vP59hF","textfile",2,TRUE,NA
"70","rs1406948","A","G","A","G",-0.0137,0.00178,0.3679,0.400939,FALSE,FALSE,FALSE,"EVPVsG",0.00217,0.4105,"Risk tolerance",TRUE,"reported","textfile",0.0017,"Waist-to-hip ratio",TRUE,7.70322090803621e-16,"inferred","vP59hF","textfile",2,TRUE,NA
"71","rs1431659","A","G","A","G",0.0143,-0.00225,0.2736,0.273191,FALSE,FALSE,FALSE,"EVPVsG",0.00236,0.3398,"Risk tolerance",TRUE,"reported","textfile",0.002,"Waist-to-hip ratio",TRUE,8.67779005435612e-13,"inferred","vP59hF","textfile",2,TRUE,NA
"72","rs1452075","T","C","T","C",0.0123,0.00432,0.7316,0.717816,FALSE,FALSE,FALSE,"EVPVsG",0.00237,0.06874,"Risk tolerance",TRUE,"reported","textfile",0.0019,"Waist-to-hip ratio",TRUE,9.5641684818156e-11,"inferred","vP59hF","textfile",2,TRUE,NA
"73","rs15285","T","C","T","C",-0.0117,-0.0018,0.2629,0.299553,FALSE,FALSE,FALSE,"EVPVsG",0.00232,0.4378,"Risk tolerance",TRUE,"reported","textfile",0.0019,"Waist-to-hip ratio",TRUE,7.37183253398072e-10,"inferred","vP59hF","textfile",2,TRUE,NA
"74","rs1534696","A","C","A","C",-0.0226,-0.00132,0.5694,0.570434,FALSE,FALSE,FALSE,"EVPVsG",0.0021,0.5295,"Risk tolerance",TRUE,"reported","textfile",0.0017,"Waist-to-hip ratio",TRUE,2.50409742703775e-40,"inferred","vP59hF","textfile",2,TRUE,NA
"75","rs1563355","T","C","T","C",-0.0277,-0.00373,0.328,0.323175,FALSE,FALSE,FALSE,"EVPVsG",0.00223,0.09441,"Risk tolerance",TRUE,"reported","textfile",0.0019,"Waist-to-hip ratio",TRUE,3.82366973299326e-48,"inferred","vP59hF","textfile",2,TRUE,NA
"76","rs1569135","A","G","A","G",0.0215,-0.00419,0.5372,0.525269,FALSE,FALSE,FALSE,"EVPVsG",0.00212,0.04747,"Risk tolerance",TRUE,"reported","textfile",0.0017,"Waist-to-hip ratio",TRUE,1.16141800098934e-36,"inferred","vP59hF","textfile",2,TRUE,NA
"77","rs17101456","A","G","A","G",-0.0206,-0.0039,0.879,0.883015,FALSE,FALSE,FALSE,"EVPVsG",0.00324,0.2291,"Risk tolerance",TRUE,"reported","textfile",0.0028,"Waist-to-hip ratio",TRUE,1.87888244911047e-13,"inferred","vP59hF","textfile",2,TRUE,NA
"78","rs17109256","A","G","A","G",0.0169,-0.00459,0.2324,0.201463,FALSE,FALSE,FALSE,"EVPVsG",0.00252,0.06799,"Risk tolerance",TRUE,"reported","textfile",0.0021,"Waist-to-hip ratio",TRUE,8.44202399077134e-16,"inferred","vP59hF","textfile",2,TRUE,NA
"79","rs17324331","C","G","C","G",0.012,-0.00032,0.3136,0.331937,FALSE,TRUE,FALSE,"EVPVsG",0.00223,0.8847,"Risk tolerance",TRUE,"reported","textfile",0.0019,"Waist-to-hip ratio",TRUE,2.68785750506682e-10,"inferred","vP59hF","textfile",2,TRUE,NA
"80","rs17326656","T","G","T","G",0.0153,-0.00306,0.2346,0.223699,FALSE,FALSE,FALSE,"EVPVsG",0.00246,0.2142,"Risk tolerance",TRUE,"reported","textfile",0.0021,"Waist-to-hip ratio",TRUE,3.19970445656942e-13,"inferred","vP59hF","textfile",2,TRUE,NA
"81","rs1757471","T","C","T","C",0.0128,-4e-05,0.5081,0.498799,FALSE,FALSE,FALSE,"EVPVsG",0.00209,0.9867,"Risk tolerance",TRUE,"reported","textfile",0.0018,"Waist-to-hip ratio",TRUE,1.15112416697465e-12,"inferred","vP59hF","textfile",2,TRUE,NA
"82","rs17644283","A","G","A","G",0.0148,0.00096,0.3879,0.36158,FALSE,FALSE,FALSE,"EVPVsG",0.00217,0.659,"Risk tolerance",TRUE,"reported","textfile",0.0018,"Waist-to-hip ratio",TRUE,1.99766594455846e-16,"inferred","vP59hF","textfile",2,TRUE,NA
"83","rs17738166","A","G","A","G",0.0114,0.00023,0.3974,0.388358,FALSE,FALSE,FALSE,"EVPVsG",0.00213,0.9126,"Risk tolerance",TRUE,"reported","textfile",0.0018,"Waist-to-hip ratio",TRUE,2.3992045231164e-10,"inferred","vP59hF","textfile",2,TRUE,NA
"84","rs1789882","A","G","A","G",0.016,-0.00026,0.1691,0.169757,FALSE,FALSE,FALSE,"EVPVsG",0.00275,0.9249,"Risk tolerance",TRUE,"reported","textfile",0.0023,"Waist-to-hip ratio",TRUE,3.48776459396118e-12,"inferred","vP59hF","textfile",2,TRUE,NA
"85","rs1800437","C","G","C","G",-0.0209,0.00172,0.1876,0.201894,FALSE,TRUE,FALSE,"EVPVsG",0.00265,0.5167,"Risk tolerance",TRUE,"reported","textfile",0.0022,"Waist-to-hip ratio",TRUE,2.09890301507256e-21,"inferred","vP59hF","textfile",2,TRUE,NA
"86","rs1822489","A","G","A","G",0.0122,0.00032,0.3177,0.323268,FALSE,FALSE,FALSE,"EVPVsG",0.00225,0.888,"Risk tolerance",TRUE,"reported","textfile",0.0019,"Waist-to-hip ratio",TRUE,1.35335222759202e-10,"inferred","vP59hF","textfile",2,TRUE,NA
"87","rs1974004","T","C","T","C",0.0173,-0.00058,0.1528,0.157622,FALSE,FALSE,FALSE,"EVPVsG",0.00289,0.84,"Risk tolerance",TRUE,"reported","textfile",0.0025,"Waist-to-hip ratio",TRUE,4.51643645482342e-12,"inferred","vP59hF","textfile",2,TRUE,NA
"88","rs2061708","C","G","C","G",0.0152,0.00528,0.5884,0.586834,FALSE,TRUE,FALSE,"EVPVsG",0.00213,0.01302,"Risk tolerance",TRUE,"reported","textfile",0.002,"Waist-to-hip ratio",TRUE,2.96130749800962e-14,"inferred","vP59hF","textfile",2,TRUE,NA
"89","rs2112347","T","G","T","G",0.015,0.00343,0.63,0.625208,FALSE,FALSE,FALSE,"EVPVsG",0.0022,0.1179,"Risk tolerance",TRUE,"reported","textfile",0.0017,"Waist-to-hip ratio",TRUE,1.10907546389847e-18,"inferred","vP59hF","textfile",2,TRUE,NA
"90","rs213624","A","G","A","G",0.0118,0.00157,0.5263,0.514182,FALSE,FALSE,FALSE,"EVPVsG",0.0021,0.4541,"Risk tolerance",TRUE,"reported","textfile",0.0018,"Waist-to-hip ratio",TRUE,5.54351060252276e-11,"inferred","vP59hF","textfile",2,TRUE,NA
"91","rs2161097","T","C","T","C",0.0126,0.00216,0.4408,0.425269,FALSE,FALSE,FALSE,"EVPVsG",0.00211,0.3066,"Risk tolerance",TRUE,"reported","textfile",0.0018,"Waist-to-hip ratio",TRUE,2.55962508777167e-12,"inferred","vP59hF","textfile",2,TRUE,NA
"92","rs2161228","T","C","T","C",0.0192,-0.00106,0.102,0.114444,FALSE,FALSE,FALSE,"EVPVsG",0.00347,0.7594,"Risk tolerance",TRUE,"reported","textfile",0.0029,"Waist-to-hip ratio",TRUE,3.57526879759736e-11,"inferred","vP59hF","textfile",2,TRUE,NA
"93","rs2167750","T","C","T","C",0.0199,0.00217,0.4729,0.490191,FALSE,FALSE,FALSE,"EVPVsG",0.0021,0.3014,"Risk tolerance",TRUE,"reported","textfile",0.0018,"Waist-to-hip ratio",TRUE,2.06057117164527e-28,"inferred","vP59hF","textfile",2,TRUE,NA
"94","rs2183825","T","C","T","C",-0.0141,0.00131,0.6861,0.702448,FALSE,FALSE,FALSE,"EVPVsG",0.00223,0.5569,"Risk tolerance",TRUE,"reported","textfile",0.0018,"Waist-to-hip ratio",TRUE,4.75102512955064e-15,"inferred","vP59hF","textfile",2,TRUE,NA
"95","rs2200155","A","G","A","G",-0.0133,0.00033,0.3722,0.348337,FALSE,FALSE,FALSE,"EVPVsG",0.00218,0.881,"Risk tolerance",TRUE,"reported","textfile",0.0018,"Waist-to-hip ratio",TRUE,1.48060825564767e-13,"inferred","vP59hF","textfile",2,TRUE,NA
"96","rs2236519","A","G","A","G",0.0212,0.00044,0.3693,0.366446,FALSE,FALSE,FALSE,"EVPVsG",0.00216,0.8372,"Risk tolerance",TRUE,"reported","textfile",0.0018,"Waist-to-hip ratio",TRUE,5.0815125840856e-32,"inferred","vP59hF","textfile",2,TRUE,NA
"97","rs2276390","T","G","T","G",-0.021,-0.00486,0.3375,0.350832,FALSE,FALSE,FALSE,"EVPVsG",0.0022,0.02724,"Risk tolerance",TRUE,"reported","textfile",0.0019,"Waist-to-hip ratio",TRUE,2.12881497721893e-28,"inferred","vP59hF","textfile",2,TRUE,NA
"98","rs2291542","T","C","T","C",0.0168,-0.00056,0.3272,0.293517,FALSE,FALSE,FALSE,"EVPVsG",0.00224,0.8009,"Risk tolerance",TRUE,"reported","textfile",0.0018,"Waist-to-hip ratio",TRUE,1.02592569419185e-20,"inferred","vP59hF","textfile",2,TRUE,NA
"99","rs2294239","A","G","A","G",0.02,0.0036,0.5683,0.582384,FALSE,FALSE,FALSE,"EVPVsG",0.00212,0.08907,"Risk tolerance",TRUE,"reported","textfile",0.0017,"Waist-to-hip ratio",TRUE,5.93327553440101e-32,"inferred","vP59hF","textfile",2,TRUE,NA
"100","rs2306589","T","C","T","C",0.016,-0.00192,0.473,0.461765,FALSE,FALSE,FALSE,"EVPVsG",0.0021,0.3596,"Risk tolerance",TRUE,"reported","textfile",0.0017,"Waist-to-hip ratio",TRUE,4.87875854319094e-21,"inferred","vP59hF","textfile",2,TRUE,NA
"101","rs2398893","A","G","A","G",0.0157,0.00121,0.7143,0.718017,FALSE,FALSE,FALSE,"EVPVsG",0.00234,0.6057,"Risk tolerance",TRUE,"reported","textfile",0.0019,"Waist-to-hip ratio",TRUE,1.41868383664922e-16,"inferred","vP59hF","textfile",2,TRUE,NA
"102","rs2503099","A","G","A","G",-0.0214,-0.00058,0.8346,0.841377,FALSE,FALSE,FALSE,"EVPVsG",0.00277,0.8345,"Risk tolerance",TRUE,"reported","textfile",0.0023,"Waist-to-hip ratio",TRUE,1.3481715092356e-20,"inferred","vP59hF","textfile",2,TRUE,NA
"103","rs2526886","T","G","T","G",0.0125,-0.00198,0.69,0.664644,FALSE,FALSE,FALSE,"EVPVsG",0.00227,0.3824,"Risk tolerance",TRUE,"reported","textfile",0.0021,"Waist-to-hip ratio",TRUE,2.64269354632386e-09,"inferred","vP59hF","textfile",2,TRUE,NA
"104","rs2613505","T","C","T","C",0.0161,-0.00222,0.8197,0.827302,FALSE,FALSE,FALSE,"EVPVsG",0.00263,0.3976,"Risk tolerance",TRUE,"reported","textfile",0.0022,"Waist-to-hip ratio",TRUE,2.51353161635167e-13,"inferred","vP59hF","textfile",2,TRUE,NA
"105","rs2715135","T","G","T","G",0.0109,-0.00628,0.3706,0.361795,FALSE,FALSE,FALSE,"EVPVsG",0.00218,0.004004,"Risk tolerance",TRUE,"reported","textfile",0.0018,"Waist-to-hip ratio",TRUE,1.39933868276278e-09,"inferred","vP59hF","textfile",2,TRUE,NA
"106","rs28446899","T","C","T","C",0.0362,-0.00421,0.078,0.0694949,FALSE,FALSE,FALSE,"EVPVsG",0.00393,0.2849,"Risk tolerance",TRUE,"reported","textfile",0.0037,"Waist-to-hip ratio",TRUE,1.32174746544182e-22,"inferred","vP59hF","textfile",2,TRUE,NA
"107","rs28451064","A","G","A","G",0.0177,0.00551,0.1268,0.126394,FALSE,FALSE,FALSE,"EVPVsG",0.00309,0.07487,"Risk tolerance",TRUE,"reported","textfile",0.003,"Waist-to-hip ratio",TRUE,3.63501572619886e-09,"inferred","vP59hF","textfile",2,TRUE,NA
"108","rs2903995","A","T","A","T",-0.0122,-0.00321,0.3781,0.390376,FALSE,TRUE,FALSE,"EVPVsG",0.00215,0.1353,"Risk tolerance",TRUE,"reported","textfile",0.0018,"Waist-to-hip ratio",TRUE,1.22038363246069e-11,"inferred","vP59hF","textfile",2,TRUE,NA
"109","rs2925979","T","C","T","C",0.0215,0.00254,0.2958,0.300493,FALSE,FALSE,FALSE,"EVPVsG",0.00228,0.2648,"Risk tolerance",TRUE,"reported","textfile",0.0018,"Waist-to-hip ratio",TRUE,6.94126117654679e-33,"inferred","vP59hF","textfile",2,TRUE,NA
"110","rs3092781","T","C","T","C",-0.0145,-0.00097,0.451,0.452433,FALSE,FALSE,FALSE,"EVPVsG",0.0021,0.6464,"Risk tolerance",TRUE,"reported","textfile",0.0017,"Waist-to-hip ratio",TRUE,1.47093739985791e-17,"inferred","vP59hF","textfile",2,TRUE,NA
"111","rs332105","A","G","A","G",-0.0139,-0.00104,0.5544,0.57299,FALSE,FALSE,FALSE,"EVPVsG",0.00211,0.6226,"Risk tolerance",TRUE,"reported","textfile",0.0018,"Waist-to-hip ratio",TRUE,1.14318858255408e-14,"inferred","vP59hF","textfile",2,TRUE,NA
"112","rs35169799","T","C","T","C",0.0373,-0.00192,0.0615,0.062858,FALSE,FALSE,FALSE,"EVPVsG",0.00427,0.6529,"Risk tolerance",TRUE,"reported","textfile",0.0041,"Waist-to-hip ratio",TRUE,9.23830924788065e-20,"inferred","vP59hF","textfile",2,TRUE,NA
"113","rs36061954","T","C","T","C",0.0146,0.00502,0.3979,0.38206,FALSE,FALSE,FALSE,"EVPVsG",0.00214,0.0187,"Risk tolerance",TRUE,"reported","textfile",0.002,"Waist-to-hip ratio",TRUE,2.87767727631518e-13,"inferred","vP59hF","textfile",2,TRUE,NA
"114","rs3736485","A","G","A","G",0.0118,-0.00254,0.4564,0.479443,FALSE,FALSE,FALSE,"EVPVsG",0.0021,0.2259,"Risk tolerance",TRUE,"reported","textfile",0.0017,"Waist-to-hip ratio",TRUE,3.88847897866057e-12,"inferred","vP59hF","textfile",2,TRUE,NA
"115","rs3786897","A","G","A","G",-0.0237,-0.00163,0.5805,0.592208,FALSE,FALSE,FALSE,"EVPVsG",0.00212,0.4409,"Risk tolerance",TRUE,"reported","textfile",0.0017,"Waist-to-hip ratio",TRUE,3.56022813137335e-44,"inferred","vP59hF","textfile",2,TRUE,NA
"116","rs3825061","T","C","T","C",0.0142,0.00258,0.387,0.379997,FALSE,FALSE,FALSE,"EVPVsG",0.00214,0.2281,"Risk tolerance",TRUE,"reported","textfile",0.0018,"Waist-to-hip ratio",TRUE,3.04888818800055e-15,"inferred","vP59hF","textfile",2,TRUE,NA
"117","rs3891424","A","G","A","G",-0.0278,-0.0086,0.0527,0.0438867,FALSE,FALSE,FALSE,"EVPVsG",0.00457,0.06006,"Risk tolerance",TRUE,"reported","textfile",0.0044,"Waist-to-hip ratio",TRUE,2.6465853163753e-10,"inferred","vP59hF","textfile",2,TRUE,NA
"118","rs3903399","T","C","T","C",-0.0149,-0.00253,0.7847,0.796335,FALSE,FALSE,FALSE,"EVPVsG",0.00256,0.3233,"Risk tolerance",TRUE,"reported","textfile",0.0022,"Waist-to-hip ratio",TRUE,1.26377051945058e-11,"inferred","vP59hF","textfile",2,TRUE,NA
"119","rs39312","A","C","A","C",-0.0154,-0.00474,0.6205,0.624376,FALSE,FALSE,FALSE,"EVPVsG",0.00218,0.02989,"Risk tolerance",TRUE,"reported","textfile",0.0018,"Waist-to-hip ratio",TRUE,1.17302417606211e-17,"inferred","vP59hF","textfile",2,TRUE,NA
"120","rs3936510","T","G","T","G",0.0241,-1e-05,0.1967,0.202156,FALSE,FALSE,FALSE,"EVPVsG",0.00262,0.9966,"Risk tolerance",TRUE,"reported","textfile",0.0021,"Waist-to-hip ratio",TRUE,1.73769440124997e-30,"inferred","vP59hF","textfile",2,TRUE,NA
"121","rs409125","A","T","A","T",-0.0182,-0.00056,0.628,0.610471,FALSE,TRUE,FALSE,"EVPVsG",0.00216,0.7938,"Risk tolerance",TRUE,"reported","textfile",0.0018,"Waist-to-hip ratio",TRUE,4.93216955171519e-24,"inferred","vP59hF","textfile",2,TRUE,NA
"122","rs4239275","T","C","T","C",0.0118,-0.00251,0.4129,0.417077,FALSE,FALSE,FALSE,"EVPVsG",0.00214,0.2404,"Risk tolerance",TRUE,"reported","textfile",0.0018,"Waist-to-hip ratio",TRUE,5.54351060252276e-11,"inferred","vP59hF","textfile",2,TRUE,NA
"123","rs429358","T","C","T","C",0.0346,-0.00012,0.8459,0.859162,FALSE,FALSE,FALSE,"EVPVsG",0.0029,0.9685,"Risk tolerance",TRUE,"reported","textfile",0.0027,"Waist-to-hip ratio",TRUE,1.35461384824832e-37,"inferred","vP59hF","textfile",2,TRUE,NA
"124","rs4372913","A","G","A","G",-0.014,-0.00198,0.7875,0.785279,FALSE,FALSE,FALSE,"EVPVsG",0.00254,0.4355,"Risk tolerance",TRUE,"reported","textfile",0.0022,"Waist-to-hip ratio",TRUE,1.9703230325373e-10,"inferred","vP59hF","textfile",2,TRUE,NA
"125","rs4395620","T","C","T","C",0.0106,-0.00021,0.5756,0.560949,FALSE,FALSE,FALSE,"EVPVsG",0.00212,0.9197,"Risk tolerance",TRUE,"reported","textfile",0.0018,"Waist-to-hip ratio",TRUE,3.88800725728803e-09,"inferred","vP59hF","textfile",2,TRUE,NA
"126","rs4454042","T","C","T","C",0.0127,0.00599,0.2734,0.268463,FALSE,FALSE,FALSE,"EVPVsG",0.00232,0.009697,"Risk tolerance",TRUE,"reported","textfile",0.002,"Waist-to-hip ratio",TRUE,2.15314927702433e-10,"inferred","vP59hF","textfile",2,TRUE,NA
"127","rs4671193","T","C","T","C",-0.0191,-0.00457,0.3562,0.381475,FALSE,FALSE,FALSE,"EVPVsG",0.00219,0.03652,"Risk tolerance",TRUE,"reported","textfile",0.0018,"Waist-to-hip ratio",TRUE,2.64583741088599e-26,"inferred","vP59hF","textfile",2,TRUE,NA
"128","rs4779526","A","T","A","T",0.0132,-3e-04,0.7568,0.740114,FALSE,TRUE,FALSE,"EVPVsG",0.00241,0.8995,"Risk tolerance",TRUE,"reported","textfile",0.0021,"Waist-to-hip ratio",TRUE,3.26349665362183e-10,"inferred","vP59hF","textfile",2,TRUE,NA
"129","rs4788204","A","G","A","G",0.0169,0.00045,0.4594,0.426825,FALSE,FALSE,FALSE,"EVPVsG",0.0021,0.829,"Risk tolerance",TRUE,"reported","textfile",0.0018,"Waist-to-hip ratio",TRUE,6.06365202299456e-21,"inferred","vP59hF","textfile",2,TRUE,NA
"130","rs4851284","T","C","T","C",-0.0151,-0.00546,0.6685,0.667231,FALSE,FALSE,FALSE,"EVPVsG",0.00222,0.01402,"Risk tolerance",TRUE,"reported","textfile",0.0021,"Waist-to-hip ratio",TRUE,6.45657362912717e-13,"inferred","vP59hF","textfile",2,TRUE,NA
"131","rs4894803","A","G","A","G",0.0149,0.00256,0.6004,0.601309,FALSE,FALSE,FALSE,"EVPVsG",0.00215,0.2337,"Risk tolerance",TRUE,"reported","textfile",0.0018,"Waist-to-hip ratio",TRUE,1.25495139250628e-16,"inferred","vP59hF","textfile",2,TRUE,NA
"132","rs494752","C","G","C","G",-0.0154,-0.00117,0.6548,0.641962,FALSE,TRUE,FALSE,"EVPVsG",0.00223,0.5983,"Risk tolerance",TRUE,"reported","textfile",0.0019,"Waist-to-hip ratio",TRUE,5.26314741857891e-16,"inferred","vP59hF","textfile",2,TRUE,NA
"133","rs4964656","C","G","C","G",-0.0181,-0.00505,0.3026,0.31971,FALSE,TRUE,FALSE,"EVPVsG",0.00229,0.02745,"Risk tolerance",TRUE,"reported","textfile",0.002,"Waist-to-hip ratio",TRUE,1.42968340225394e-19,"inferred","vP59hF","textfile",2,TRUE,NA
"134","rs536665","A","G","A","G",-0.0171,-0.00238,0.7979,0.819634,FALSE,FALSE,FALSE,"EVPVsG",0.00258,0.3561,"Risk tolerance",TRUE,"reported","textfile",0.0024,"Waist-to-hip ratio",TRUE,1.04080688006335e-12,"inferred","vP59hF","textfile",2,TRUE,NA
"135","rs55747707","A","G","A","G",-0.0154,-0.00346,0.1765,0.191638,FALSE,FALSE,FALSE,"EVPVsG",0.0026,0.1839,"Risk tolerance",TRUE,"reported","textfile",0.0023,"Waist-to-hip ratio",TRUE,2.14711879305748e-11,"inferred","vP59hF","textfile",2,TRUE,NA
"136","rs55920843","T","G","T","G",0.0623,0.00123,0.9886,0.993071,FALSE,FALSE,FALSE,"EVPVsG",0.00973,0.8995,"Risk tolerance",TRUE,"reported","textfile",0.0092,"Waist-to-hip ratio",TRUE,1.27243426080506e-11,"inferred","vP59hF","textfile",2,TRUE,NA
"137","rs579682","T","C","T","C",-0.0133,0.00087,0.7141,0.726024,FALSE,FALSE,FALSE,"EVPVsG",0.00232,0.708,"Risk tolerance",TRUE,"reported","textfile",0.002,"Waist-to-hip ratio",TRUE,2.93093019546057e-11,"inferred","vP59hF","textfile",2,TRUE,NA
"138","rs591939","A","G","A","G",-0.0177,0.00096,0.7547,0.769926,FALSE,FALSE,FALSE,"EVPVsG",0.00244,0.6936,"Risk tolerance",TRUE,"reported","textfile",0.0023,"Waist-to-hip ratio",TRUE,1.40774279259601e-14,"inferred","vP59hF","textfile",2,TRUE,NA
"139","rs6021889","A","G","A","G",0.0203,-0.00221,0.7102,0.718787,FALSE,FALSE,FALSE,"EVPVsG",0.00232,0.3406,"Risk tolerance",TRUE,"reported","textfile",0.0019,"Waist-to-hip ratio",TRUE,1.20671356380867e-26,"inferred","vP59hF","textfile",2,TRUE,NA
"140","rs605066","T","C","T","C",-0.0192,-4e-05,0.5834,0.580074,FALSE,FALSE,FALSE,"EVPVsG",0.00213,0.9865,"Risk tolerance",TRUE,"reported","textfile",0.0018,"Waist-to-hip ratio",TRUE,1.45761965628696e-26,"inferred","vP59hF","textfile",2,TRUE,NA
"141","rs6130360","A","G","A","G",0.0151,-0.00108,0.8485,0.843671,FALSE,FALSE,FALSE,"EVPVsG",0.00296,0.7153,"Risk tolerance",TRUE,"reported","textfile",0.0025,"Waist-to-hip ratio",TRUE,1.54114227670849e-09,"inferred","vP59hF","textfile",2,TRUE,NA
"142","rs62095889","A","G","A","G",-0.0166,0.00354,0.3426,0.325531,FALSE,FALSE,FALSE,"EVPVsG",0.00219,0.1073,"Risk tolerance",TRUE,"reported","textfile",0.0021,"Waist-to-hip ratio",TRUE,2.68446201523693e-15,"inferred","vP59hF","textfile",2,TRUE,NA
"143","rs62506196","A","C","A","C",-0.0159,-0.00153,0.8376,0.836249,FALSE,FALSE,FALSE,"EVPVsG",0.00286,0.5917,"Risk tolerance",TRUE,"reported","textfile",0.0027,"Waist-to-hip ratio",TRUE,3.88800725728803e-09,"inferred","vP59hF","textfile",2,TRUE,NA
"144","rs645040","T","G","T","G",0.0156,0.00715,0.7704,0.776671,FALSE,FALSE,FALSE,"EVPVsG",0.00251,0.004336,"Risk tolerance",TRUE,"reported","textfile",0.002,"Waist-to-hip ratio",TRUE,6.1907175439174e-15,"inferred","vP59hF","textfile",2,TRUE,NA
"145","rs6474945","T","G","T","G",-0.0101,-0.00778,0.4535,0.468725,FALSE,FALSE,FALSE,"EVPVsG",0.00211,0.0002189,"Risk tolerance",TRUE,"reported","textfile",0.0017,"Waist-to-hip ratio",TRUE,2.82983776962722e-09,"inferred","vP59hF","textfile",2,TRUE,NA
"146","rs6545714","A","G","A","G",-0.0139,0.00132,0.6107,0.607453,FALSE,FALSE,FALSE,"EVPVsG",0.00214,0.5372,"Risk tolerance",TRUE,"reported","textfile",0.0017,"Waist-to-hip ratio",TRUE,2.92278826781678e-16,"inferred","vP59hF","textfile",2,TRUE,NA
"147","rs6566233","T","C","T","C",-0.0128,0.00992,0.5152,0.511318,FALSE,FALSE,FALSE,"EVPVsG",0.00209,2.2e-06,"Risk tolerance",TRUE,"reported","textfile",0.002,"Waist-to-hip ratio",TRUE,1.55376951634196e-10,"inferred","vP59hF","textfile",2,TRUE,NA
"148","rs6567160","T","C","T","C",-0.0263,-0.00477,0.7532,0.774808,FALSE,FALSE,FALSE,"EVPVsG",0.00248,0.05409,"Risk tolerance",TRUE,"reported","textfile",0.002,"Waist-to-hip ratio",TRUE,1.70174448490387e-39,"inferred","vP59hF","textfile",2,TRUE,NA
"149","rs6604731","T","C","T","C",-0.0116,-0.00119,0.2997,0.310902,FALSE,FALSE,FALSE,"EVPVsG",0.0023,0.6038,"Risk tolerance",TRUE,"reported","textfile",0.0019,"Waist-to-hip ratio",TRUE,1.02631440043805e-09,"inferred","vP59hF","textfile",2,TRUE,NA
"150","rs6658723","T","C","T","C",0.0145,0.0066,0.4332,0.429858,FALSE,FALSE,FALSE,"EVPVsG",0.00212,0.001869,"Risk tolerance",TRUE,"reported","textfile",0.002,"Waist-to-hip ratio",TRUE,4.16771631734414e-13,"inferred","vP59hF","textfile",2,TRUE,NA
"151","rs6688233","T","C","T","C",0.0186,0.00235,0.2394,0.250293,FALSE,FALSE,FALSE,"EVPVsG",0.00242,0.3311,"Risk tolerance",TRUE,"reported","textfile",0.0021,"Waist-to-hip ratio",TRUE,8.20913050678381e-19,"inferred","vP59hF","textfile",2,TRUE,NA
"152","rs668871","T","C","T","C",-0.0134,0.005,0.469,0.481537,FALSE,FALSE,FALSE,"EVPVsG",0.0021,0.01722,"Risk tolerance",TRUE,"reported","textfile",0.002,"Waist-to-hip ratio",TRUE,2.08419539759304e-11,"inferred","vP59hF","textfile",2,TRUE,NA
"153","rs6699397","A","G","A","G",-0.0118,-0.00237,0.6236,0.603295,FALSE,FALSE,FALSE,"EVPVsG",0.00216,0.2728,"Risk tolerance",TRUE,"reported","textfile",0.0017,"Waist-to-hip ratio",TRUE,3.88847897866057e-12,"inferred","vP59hF","textfile",2,TRUE,NA
"154","rs6743060","A","C","A","C",0.0266,0.0077,0.8423,0.830243,FALSE,FALSE,FALSE,"EVPVsG",0.00278,0.005668,"Risk tolerance",TRUE,"reported","textfile",0.0022,"Waist-to-hip ratio",TRUE,1.17974031407614e-33,"inferred","vP59hF","textfile",2,TRUE,NA
"155","rs6749646","A","T","A","T",-0.021,0.00322,0.7801,0.799353,FALSE,TRUE,FALSE,"EVPVsG",0.00254,0.2062,"Risk tolerance",TRUE,"reported","textfile",0.0022,"Waist-to-hip ratio",TRUE,1.35512027797928e-21,"inferred","vP59hF","textfile",2,TRUE,NA
"156","rs6795831","A","C","A","C",0.0288,0.0022,0.8143,0.804312,FALSE,FALSE,FALSE,"EVPVsG",0.00264,0.4059,"Risk tolerance",TRUE,"reported","textfile",0.0023,"Waist-to-hip ratio",TRUE,5.67772791460056e-36,"inferred","vP59hF","textfile",2,TRUE,NA
"157","rs6905288","A","G","A","G",0.0327,-0.00106,0.5735,0.578503,FALSE,FALSE,FALSE,"EVPVsG",0.00211,0.6147,"Risk tolerance",TRUE,"reported","textfile",0.0017,"Waist-to-hip ratio",TRUE,1.8747678619567e-82,"inferred","vP59hF","textfile",2,TRUE,NA
"158","rs6942652","C","G","C","G",-0.0126,-0.00226,0.4294,0.420912,FALSE,TRUE,TRUE,"EVPVsG",0.00211,0.2838,"Risk tolerance",TRUE,"reported","textfile",0.0018,"Waist-to-hip ratio",TRUE,2.55962508777167e-12,"inferred","vP59hF","textfile",2,FALSE,NA
"159","rs7025089","A","C","A","C",-0.0118,-0.00095,0.6792,0.665753,FALSE,FALSE,FALSE,"EVPVsG",0.00226,0.6734,"Risk tolerance",TRUE,"reported","textfile",0.0019,"Waist-to-hip ratio",TRUE,5.280743184739e-10,"inferred","vP59hF","textfile",2,TRUE,NA
"160","rs7070670","T","C","T","C",-0.0132,-0.00567,0.3228,0.311026,FALSE,FALSE,FALSE,"EVPVsG",0.00223,0.0111,"Risk tolerance",TRUE,"reported","textfile",0.0021,"Waist-to-hip ratio",TRUE,3.26349665362183e-10,"inferred","vP59hF","textfile",2,TRUE,NA
"161","rs711869","A","G","A","G",-0.0171,-0.00344,0.5566,0.555328,FALSE,FALSE,FALSE,"EVPVsG",0.00211,0.1026,"Risk tolerance",TRUE,"reported","textfile",0.0018,"Waist-to-hip ratio",TRUE,2.09890301507252e-21,"inferred","vP59hF","textfile",2,TRUE,NA
"162","rs7138803","A","G","A","G",0.0125,-0.00269,0.3842,0.360071,FALSE,FALSE,FALSE,"EVPVsG",0.00217,0.2144,"Risk tolerance",TRUE,"reported","textfile",0.0018,"Waist-to-hip ratio",TRUE,3.79952559795503e-12,"inferred","vP59hF","textfile",2,TRUE,NA
"163","rs7206608","C","G","C","G",-0.0127,0.00105,0.6754,0.697197,FALSE,TRUE,FALSE,"EVPVsG",0.00224,0.6392,"Risk tolerance",TRUE,"reported","textfile",0.0019,"Waist-to-hip ratio",TRUE,2.32172838658969e-11,"inferred","vP59hF","textfile",2,TRUE,NA
"164","rs7213608","T","C","T","C",-0.0171,0.00056,0.6826,0.677595,FALSE,FALSE,FALSE,"EVPVsG",0.00224,0.8024,"Risk tolerance",TRUE,"reported","textfile",0.0019,"Waist-to-hip ratio",TRUE,2.25717681190768e-19,"inferred","vP59hF","textfile",2,TRUE,NA
"165","rs7217226","T","G","T","G",-0.0137,0.00281,0.6555,0.64247,FALSE,FALSE,FALSE,"EVPVsG",0.00219,0.199,"Risk tolerance",TRUE,"reported","textfile",0.0018,"Waist-to-hip ratio",TRUE,2.71749480118725e-14,"inferred","vP59hF","textfile",2,TRUE,NA
"166","rs72959041","A","G","A","G",0.126,-0.00397,0.0409,0.0438713,FALSE,FALSE,FALSE,"EVPVsG",0.00486,0.4136,"Risk tolerance",TRUE,"reported","textfile",0.0044,"Waist-to-hip ratio",TRUE,2.37019233998605e-180,"inferred","vP59hF","textfile",2,TRUE,NA
"167","rs7311622","T","C","T","C",-0.0119,0.00637,0.4526,0.44886,FALSE,FALSE,FALSE,"EVPVsG",0.0021,0.002409,"Risk tolerance",TRUE,"reported","textfile",0.0018,"Waist-to-hip ratio",TRUE,3.81446038025563e-11,"inferred","vP59hF","textfile",2,TRUE,NA
"168","rs733381","A","G","A","G",0.0122,0.00214,0.7717,0.789975,FALSE,FALSE,FALSE,"EVPVsG",0.00256,0.403,"Risk tolerance",TRUE,"reported","textfile",0.0021,"Waist-to-hip ratio",TRUE,6.26507841569735e-09,"inferred","vP59hF","textfile",2,TRUE,NA
"169","rs7395513","A","G","A","G",-0.0173,0.00307,0.4389,0.444841,FALSE,FALSE,FALSE,"EVPVsG",0.00211,0.1448,"Risk tolerance",TRUE,"reported","textfile",0.002,"Waist-to-hip ratio",TRUE,5.14994307602377e-18,"inferred","vP59hF","textfile",2,TRUE,NA
"170","rs747249","A","G","A","G",0.0111,0.00193,0.3588,0.33206,FALSE,FALSE,FALSE,"EVPVsG",0.00218,0.3761,"Risk tolerance",TRUE,"reported","textfile",0.0019,"Waist-to-hip ratio",TRUE,5.15452173895334e-09,"inferred","vP59hF","textfile",2,TRUE,NA
"171","rs747601","A","T","A","T",-0.0128,-0.00614,0.275,0.288174,FALSE,TRUE,FALSE,"EVPVsG",0.00234,0.008806,"Risk tolerance",TRUE,"reported","textfile",0.002,"Waist-to-hip ratio",TRUE,1.55376951634196e-10,"inferred","vP59hF","textfile",2,TRUE,NA
"172","rs7492628","C","G","C","G",-0.0125,-0.00488,0.6801,0.682461,FALSE,TRUE,FALSE,"EVPVsG",0.00227,0.03143,"Risk tolerance",TRUE,"reported","textfile",0.0019,"Waist-to-hip ratio",TRUE,4.73790430682073e-11,"inferred","vP59hF","textfile",2,TRUE,NA
"173","rs7498665","A","G","A","G",-0.0168,0.00742,0.6175,0.61874,FALSE,FALSE,FALSE,"EVPVsG",0.00214,0.0005089,"Risk tolerance",TRUE,"reported","textfile",0.0017,"Waist-to-hip ratio",TRUE,4.96530922806112e-23,"inferred","vP59hF","textfile",2,TRUE,NA
"174","rs7591387","T","C","T","C",0.0179,0.00521,0.1024,0.0950262,FALSE,FALSE,FALSE,"EVPVsG",0.00338,0.123,"Risk tolerance",TRUE,"reported","textfile",0.0028,"Waist-to-hip ratio",TRUE,1.62814363762697e-10,"inferred","vP59hF","textfile",2,TRUE,NA
"175","rs7599312","A","G","A","G",-0.0114,-0.00244,0.2732,0.262211,FALSE,FALSE,FALSE,"EVPVsG",0.00236,0.3007,"Risk tolerance",TRUE,"reported","textfile",0.0019,"Waist-to-hip ratio",TRUE,1.9731752900754e-09,"inferred","vP59hF","textfile",2,TRUE,NA
"176","rs7647305","T","C","T","C",-0.0142,-0.00398,0.2099,0.201447,FALSE,FALSE,FALSE,"EVPVsG",0.00256,0.1204,"Risk tolerance",TRUE,"reported","textfile",0.0021,"Waist-to-hip ratio",TRUE,1.36189221901105e-11,"inferred","vP59hF","textfile",2,TRUE,NA
"177","rs76699125","T","C","T","C",0.032,0.00499,0.9368,0.932646,FALSE,FALSE,FALSE,"EVPVsG",0.00439,0.256,"Risk tolerance",TRUE,"reported","textfile",0.0041,"Waist-to-hip ratio",TRUE,5.95591090926555e-15,"inferred","vP59hF","textfile",2,TRUE,NA
"178","rs7744833","A","G","A","G",0.0125,-0.00102,0.6823,0.687019,FALSE,FALSE,FALSE,"EVPVsG",0.00225,0.6506,"Risk tolerance",TRUE,"reported","textfile",0.0019,"Waist-to-hip ratio",TRUE,4.73790430682073e-11,"inferred","vP59hF","textfile",2,TRUE,NA
"179","rs780159","A","G","A","G",-0.0133,-0.00347,0.4292,0.395673,FALSE,FALSE,FALSE,"EVPVsG",0.00212,0.1013,"Risk tolerance",TRUE,"reported","textfile",0.0017,"Waist-to-hip ratio",TRUE,5.13625493316131e-15,"inferred","vP59hF","textfile",2,TRUE,NA
"180","rs789351","T","C","T","C",0.0123,-0.00354,0.4202,0.420557,FALSE,FALSE,FALSE,"EVPVsG",0.00211,0.09439,"Risk tolerance",TRUE,"reported","textfile",0.0017,"Waist-to-hip ratio",TRUE,4.64521329956166e-13,"inferred","vP59hF","textfile",2,TRUE,NA
"181","rs7907173","A","G","A","G",-0.0109,-0.0032,0.4511,0.44632,FALSE,FALSE,FALSE,"EVPVsG",0.0021,0.1273,"Risk tolerance",TRUE,"reported","textfile",0.0018,"Waist-to-hip ratio",TRUE,1.39933868276278e-09,"inferred","vP59hF","textfile",2,TRUE,NA
"182","rs793456","A","G","A","G",-0.0106,0.00113,0.6045,0.607268,FALSE,FALSE,FALSE,"EVPVsG",0.00213,0.5972,"Risk tolerance",TRUE,"reported","textfile",0.0018,"Waist-to-hip ratio",TRUE,3.88800725728803e-09,"inferred","vP59hF","textfile",2,TRUE,NA
"183","rs797486","A","C","A","C",0.0316,0.00457,0.8938,0.876578,FALSE,FALSE,FALSE,"EVPVsG",0.00322,0.1564,"Risk tolerance",TRUE,"reported","textfile",0.0026,"Waist-to-hip ratio",TRUE,5.47290274093485e-34,"inferred","vP59hF","textfile",2,TRUE,NA
"184","rs8043060","A","G","A","G",-0.0166,-0.00584,0.2217,0.231167,FALSE,FALSE,FALSE,"EVPVsG",0.00249,0.01893,"Risk tolerance",TRUE,"reported","textfile",0.002,"Waist-to-hip ratio",TRUE,1.04111394897805e-16,"inferred","vP59hF","textfile",2,TRUE,NA
"185","rs8070737","T","G","T","G",0.016,0.00311,0.1682,0.177872,FALSE,FALSE,FALSE,"EVPVsG",0.00271,0.2504,"Risk tolerance",TRUE,"reported","textfile",0.0023,"Waist-to-hip ratio",TRUE,3.48776459396118e-12,"inferred","vP59hF","textfile",2,TRUE,NA
"186","rs8071778","C","G","C","G",-0.016,-0.00253,0.1539,0.162873,FALSE,TRUE,FALSE,"EVPVsG",0.00286,0.3763,"Risk tolerance",TRUE,"reported","textfile",0.0025,"Waist-to-hip ratio",TRUE,1.55376951634196e-10,"inferred","vP59hF","textfile",2,TRUE,NA
"187","rs809955","A","G","A","G",-0.0155,0.00034,0.3669,0.361457,FALSE,FALSE,FALSE,"EVPVsG",0.00217,0.877,"Risk tolerance",TRUE,"reported","textfile",0.002,"Waist-to-hip ratio",TRUE,9.18925487155719e-15,"inferred","vP59hF","textfile",2,TRUE,NA
"188","rs8141715","T","G","T","G",-0.0136,-0.00756,0.7545,0.734601,FALSE,FALSE,FALSE,"EVPVsG",0.00237,0.001445,"Risk tolerance",TRUE,"reported","textfile",0.002,"Waist-to-hip ratio",TRUE,1.04619150882892e-11,"inferred","vP59hF","textfile",2,TRUE,NA
"189","rs861029","T","C","T","C",-0.0135,0.00037,0.7492,0.724808,FALSE,FALSE,FALSE,"EVPVsG",0.00242,0.8795,"Risk tolerance",TRUE,"reported","textfile",0.002,"Waist-to-hip ratio",TRUE,1.47845155560356e-11,"inferred","vP59hF","textfile",2,TRUE,NA
"190","rs863750","T","C","T","C",0.0259,0.00096,0.5836,0.581183,FALSE,FALSE,FALSE,"EVPVsG",0.00214,0.6527,"Risk tolerance",TRUE,"reported","textfile",0.0017,"Waist-to-hip ratio",TRUE,2.06197149270267e-52,"inferred","vP59hF","textfile",2,TRUE,NA
"191","rs889398","T","C","T","C",-0.0171,-0.00868,0.4146,0.406483,FALSE,FALSE,FALSE,"EVPVsG",0.00213,4.46e-05,"Risk tolerance",TRUE,"reported","textfile",0.0017,"Waist-to-hip ratio",TRUE,8.39960730101998e-24,"inferred","vP59hF","textfile",2,TRUE,NA
"192","rs901630","T","C","T","C",-0.0119,0.00716,0.411,0.376563,FALSE,FALSE,FALSE,"EVPVsG",0.00214,0.0008336,"Risk tolerance",TRUE,"reported","textfile",0.0017,"Waist-to-hip ratio",TRUE,2.55962508777165e-12,"inferred","vP59hF","textfile",2,TRUE,NA
"193","rs905938","T","C","T","C",0.0126,0.00221,0.7235,0.753342,FALSE,FALSE,FALSE,"EVPVsG",0.00237,0.3511,"Risk tolerance",TRUE,"reported","textfile",0.0019,"Waist-to-hip ratio",TRUE,3.32114826465084e-11,"inferred","vP59hF","textfile",2,TRUE,NA
"194","rs9296938","A","G","A","G",-0.0145,0.00036,0.2501,0.244333,FALSE,FALSE,FALSE,"EVPVsG",0.00242,0.88,"Risk tolerance",TRUE,"reported","textfile",0.002,"Waist-to-hip ratio",TRUE,4.16771631734414e-13,"inferred","vP59hF","textfile",2,TRUE,NA
"195","rs9370243","T","G","T","G",0.0198,-0.00379,0.0804,0.0881891,FALSE,FALSE,FALSE,"EVPVsG",0.00383,0.3219,"Risk tolerance",TRUE,"reported","textfile",0.0032,"Waist-to-hip ratio",TRUE,6.11258470176853e-10,"inferred","vP59hF","textfile",2,TRUE,NA
"196","rs946106","T","C","T","C",-0.017,-0.00345,0.7664,0.783292,FALSE,FALSE,FALSE,"EVPVsG",0.00249,0.1658,"Risk tolerance",TRUE,"reported","textfile",0.002,"Waist-to-hip ratio",TRUE,1.89590696444066e-17,"inferred","vP59hF","textfile",2,TRUE,NA
"197","rs9515201","A","C","A","C",-0.0121,0.00303,0.3068,0.297613,FALSE,FALSE,FALSE,"EVPVsG",0.00229,0.1844,"Risk tolerance",TRUE,"reported","textfile",0.0018,"Waist-to-hip ratio",TRUE,1.78973714021383e-11,"inferred","vP59hF","textfile",2,TRUE,NA
"198","rs9644033","A","T","A","T",0.0188,-0.00236,0.7545,0.763382,FALSE,TRUE,FALSE,"EVPVsG",0.00246,0.3369,"Risk tolerance",TRUE,"reported","textfile",0.0021,"Waist-to-hip ratio",TRUE,3.47895980064276e-19,"inferred","vP59hF","textfile",2,TRUE,NA
"199","rs979012","T","C","T","C",0.0116,-0.00376,0.3637,0.345149,FALSE,FALSE,FALSE,"EVPVsG",0.00218,0.08442,"Risk tolerance",TRUE,"reported","textfile",0.0018,"Waist-to-hip ratio",TRUE,1.16024623544935e-10,"inferred","vP59hF","textfile",2,TRUE,NA
"200","rs9878908","T","C","T","C",-0.0193,0.00474,0.8126,0.810795,FALSE,FALSE,FALSE,"EVPVsG",0.0026,0.06807,"Risk tolerance",TRUE,"reported","textfile",0.0021,"Waist-to-hip ratio",TRUE,3.91106113215689e-20,"inferred","vP59hF","textfile",2,TRUE,NA
"201","rs9923544","T","C","T","C",0.0389,-0.00464,0.4354,0.427425,FALSE,FALSE,FALSE,"EVPVsG",0.00212,0.0287,"Risk tolerance",TRUE,"reported","textfile",0.0017,"Waist-to-hip ratio",TRUE,6.96414302575565e-116,"inferred","vP59hF","textfile",2,TRUE,NA
"202","rs9976841","A","G","A","G",-0.0129,0.00074,0.3871,0.411996,FALSE,FALSE,FALSE,"EVPVsG",0.00218,0.7334,"Risk tolerance",TRUE,"reported","textfile",0.0018,"Waist-to-hip ratio",TRUE,7.68458321152635e-13,"inferred","vP59hF","textfile",2,TRUE,NA
"203","rs998732","A","G","A","G",0.0165,-0.00368,0.8343,0.836464,FALSE,FALSE,FALSE,"EVPVsG",0.00286,0.1989,"Risk tolerance",TRUE,"reported","textfile",0.0023,"Waist-to-hip ratio",TRUE,7.28839140891719e-13,"inferred","vP59hF","textfile",2,TRUE,NA
